contrast,seed,lead_min,threshold_mm,allstation_csi,direct_r2p_csi,delta_csi,allstation_hit,allstation_miss,allstation_false_alarm,direct_r2p_hit,direct_r2p_miss,direct_r2p_false_alarm,n_finite_common
allstation_minus_direct_r2p,0,60,1,0.6410334172386719,0.6284130374525118,0.0126203797861601,190235,44851,61677,192706,42380,71569,4408654
allstation_minus_direct_r2p,1,60,1,0.6453219801434087,0.6162281655189943,0.0290938146244144,187195,47891,54994,184259,50827,63925,4408654
allstation_minus_direct_r2p,2,60,1,0.5972510083772883,0.6296368956573785,-0.0323858872800901,192494,42592,87214,189357,45729,65654,4408654
allstation_minus_direct_r2p,0,60,5,0.5520856569261655,0.5418966142799855,0.01018904264618,54450,24047,20129,56755,21742,26237,4408654
allstation_minus_direct_r2p,1,60,5,0.5605536662718276,0.5155129210581687,0.0450407452136588,58681,19816,26187,53901,24596,26061,4408654
allstation_minus_direct_r2p,2,60,5,0.5099485510289794,0.5394799421510866,-0.0295313911221072,58281,20216,35791,55581,22916,24530,4408654
allstation_minus_direct_r2p,0,60,10,0.4574885622053461,0.4548140535679876,0.0026745086373585,19699,14175,9185,21243,12631,12833,4408654
allstation_minus_direct_r2p,1,60,10,0.4759475065616798,0.4206129378127233,0.0553345687489564,22667,11207,13751,18830,15044,10894,4408654
allstation_minus_direct_r2p,2,60,10,0.4175636493625134,0.4480968858131487,-0.0305332364506353,21026,12848,16480,20461,13413,11788,4408654
allstation_minus_direct_r2p,0,60,20,0.3469891832041564,0.3359369075604762,0.0110522756436801,4074,5189,2478,4430,4833,3924,4408654
allstation_minus_direct_r2p,1,60,20,0.3576525411387796,0.2946006247211066,0.0630519164176729,4912,4351,4471,3301,5962,1942,4408654
allstation_minus_direct_r2p,2,60,20,0.3005301524188204,0.3321425736286417,-0.0316124212098213,3628,5635,2809,4184,5079,3334,4408654
allstation_minus_direct_r2p,0,90,1,0.570143642580819,0.5605393674479054,0.0096042751329135,177740,57346,76660,182867,52219,91148,4408626
allstation_minus_direct_r2p,1,90,1,0.570083253719121,0.5440192741177436,0.0260639796013774,175434,59652,72648,178836,56250,93645,4408626
allstation_minus_direct_r2p,2,90,1,0.5154067882499741,0.5575626819975931,-0.0421558937476189,189178,45908,131960,178836,56250,85660,4408626
allstation_minus_direct_r2p,0,90,5,0.4482231562858235,0.4490808260025453,-0.0008576697167217,45747,32750,23566,48344,30153,29154,4408626
allstation_minus_direct_r2p,1,90,5,0.4579381443298969,0.4301962794126903,0.0277418649172066,48862,29635,28203,47846,30651,32722,4408626
allstation_minus_direct_r2p,2,90,5,0.4108822938713714,0.4410981317301473,-0.0302158378587758,53192,25305,50961,46370,32127,26627,4408626
allstation_minus_direct_r2p,0,90,10,0.3301043898436431,0.3419892313562556,-0.0118848415126124,14483,19391,10000,16133,17741,13300,4408626
allstation_minus_direct_r2p,1,90,10,0.3596130137701903,0.3196171219617122,0.0399958918084781,17210,16664,13983,14859,19015,12616,4408626
allstation_minus_direct_r2p,2,90,10,0.310397221619275,0.3270664291839831,-0.016669207564708,17160,16714,21410,14874,19000,11603,4408626
allstation_minus_direct_r2p,0,90,20,0.2017620376831821,0.2039836813054955,-0.0022216436223134,2313,6950,2201,2550,6713,3238,4408626
allstation_minus_direct_r2p,1,90,20,0.226959684283835,0.1492662865688382,0.0776933977149968,2933,6330,3660,1597,7666,1436,4408626
allstation_minus_direct_r2p,2,90,20,0.1654523890206709,0.1834390536602091,-0.0179866646395381,1953,7310,2541,2140,7123,2403,4408626
allstation_minus_direct_r2p,0,120,1,0.5109857464366091,0.5047271373761667,0.0062586090604423,170286,64800,98164,176281,58805,114174,4408597
allstation_minus_direct_r2p,1,120,1,0.5123646929527422,0.4934147765707116,0.0189499163820305,170164,64922,97029,170685,64401,110840,4408597
allstation_minus_direct_r2p,2,120,1,0.4655968026116073,0.4986633099915005,-0.0330665073798931,183129,51957,158235,169555,65531,104933,4408597
allstation_minus_direct_r2p,0,120,5,0.3710943155821967,0.3731833394978754,-0.0020890239156787,38445,40052,25102,41367,37130,32352,4408597
allstation_minus_direct_r2p,1,120,5,0.3865821678321678,0.3708906727828746,0.0156914950492931,42456,36041,31327,42691,35806,36607,4408597
allstation_minus_direct_r2p,2,120,5,0.3526431418573197,0.3645712141114656,-0.0119280722541458,49278,29219,61242,38856,39641,28083,4408597
allstation_minus_direct_r2p,0,120,10,0.2301329119806673,0.2562598061340727,-0.0261268941534053,9904,23970,9162,11923,21951,12653,4408597
allstation_minus_direct_r2p,1,120,10,0.2658781935266636,0.2411875427789185,0.024690650747745,12634,21240,13644,11276,22598,12878,4408597
allstation_minus_direct_r2p,2,120,10,0.2587652173913043,0.2290000898391878,0.0297651275521165,14879,18995,23626,10196,23678,10650,4408597
allstation_minus_direct_r2p,0,120,20,0.0933723564954682,0.1033309455587392,-0.0099585890632709,989,8274,1329,1154,8109,1905,4408597
allstation_minus_direct_r2p,1,120,20,0.1254571744492642,0.0517633112713622,0.073693863177902,1475,7788,2494,524,8739,860,4408597
allstation_minus_direct_r2p,2,120,20,0.1001323334803705,0.0886040679855112,0.0115282654948592,1135,8128,2072,954,8309,1504,4408597
allstation_minus_direct_r2p,0,150,1,0.4664877162082825,0.457192548032949,0.0092951681753335,165271,69815,119202,172448,62638,142103,4408572
allstation_minus_direct_r2p,1,150,1,0.466852462492119,0.4546735530542164,0.0121789094379026,167347,67739,123372,163918,71168,125432,4408572
allstation_minus_direct_r2p,2,150,1,0.4355482933914306,0.4539481797898938,-0.0183998863984631,177526,57560,172506,161956,73130,121686,4408572
allstation_minus_direct_r2p,0,150,5,0.3119424679137019,0.3203873313290918,-0.0084448634153899,32836,45661,26766,36660,41837,35927,4408572
allstation_minus_direct_r2p,1,150,5,0.3305093692267088,0.3201629641017757,0.0103464051249331,37569,40928,35173,37485,41012,38584,4408572
allstation_minus_direct_r2p,2,150,5,0.3160585509133859,0.3017033891217277,0.0143551617916581,45624,32873,65856,32466,46031,29112,4408572
allstation_minus_direct_r2p,0,150,10,0.1623970287129184,0.1917757897921258,-0.0293787610792073,6821,27053,8128,8875,24999,12404,4408572
allstation_minus_direct_r2p,1,150,10,0.1981162298968411,0.1766732390093818,0.0214429908874593,9276,24598,12947,8154,25720,12279,4408572
allstation_minus_direct_r2p,2,150,10,0.2199828030954428,0.1563564392893307,0.063626363806112,12792,21082,24276,6794,27080,9578,4408572
allstation_minus_direct_r2p,0,150,20,0.0432754342431761,0.0423275367857825,0.0009478974573936,436,8827,812,443,8820,1203,4408572
allstation_minus_direct_r2p,1,150,20,0.0592954629288085,0.0202495397831867,0.0390459231456218,643,8620,1581,198,9065,515,4408572
allstation_minus_direct_r2p,2,150,20,0.0658027754801948,0.0329864519929314,0.0328163234872633,716,8547,1618,336,8927,923,4408572
allstation_minus_direct_r2p,0,180,1,0.4300452659869325,0.4196215531830018,0.0104237128039306,163692,71394,145553,169358,65728,168511,4408548
allstation_minus_direct_r2p,1,180,1,0.4274682433130228,0.4184485278213021,0.0090197154917206,165567,69519,152234,158633,76453,144012,4408548
allstation_minus_direct_r2p,2,180,1,0.4106890107902827,0.4172847510712446,-0.0065957402809619,170323,64763,179639,159611,75475,147413,4408548
allstation_minus_direct_r2p,0,180,5,0.2630226995635057,0.2768024675491582,-0.0137797679856525,28261,50236,28950,32307,46190,38218,4408548
allstation_minus_direct_r2p,1,180,5,0.2842095306884039,0.274917622470736,0.0092919082176679,33053,45444,37801,32622,45875,40164,4408548
allstation_minus_direct_r2p,2,180,5,0.2821284449157795,0.2519794762001439,0.0301489687156355,40969,37528,66717,27305,51192,29865,4408548
allstation_minus_direct_r2p,0,180,10,0.1157938304969201,0.1422542641111306,-0.0264604336142105,4756,29118,7199,6472,27402,11622,4408548
allstation_minus_direct_r2p,1,180,10,0.1431091942756322,0.1282992017432681,0.014809992532364,6570,27304,12035,5770,28104,11099,4408548
allstation_minus_direct_r2p,2,180,10,0.1794510785489562,0.1094956406053263,0.0699554379436299,10324,23550,23657,4609,29265,8219,4408548
allstation_minus_direct_r2p,0,180,20,0.0198811231809797,0.0206,-0.0007188768190202,194,9069,495,206,9057,737,4408548
allstation_minus_direct_r2p,1,180,20,0.0263810373896657,0.0084666039510818,0.0179144334385839,266,8997,820,81,9182,304,4408548
allstation_minus_direct_r2p,2,180,20,0.0435157672769098,0.0099081432552378,0.0336076240216719,454,8809,1170,96,9167,426,4408548
