case_rank,event_label,lead_min,threshold_mm,route,route_label,member,replicate_id,upstream_seed,downstream_seed,hit,miss,false_alarm,correct_negative,finite_pair_count,n_issue_times,csi
1,17 July 2025,60,1,pysteps_patch_cnn,pySTEPS + CNN,0,21040,,21040,6509,626,2203,8328,17666,144,0.6970443349753694
1,17 July 2025,60,5,pysteps_patch_cnn,pySTEPS + CNN,0,21040,,21040,2408,785,1198,13275,17666,144,0.5483944431792303
1,17 July 2025,60,10,pysteps_patch_cnn,pySTEPS + CNN,0,21040,,21040,911,793,226,15736,17666,144,0.472020725388601
1,17 July 2025,60,20,pysteps_patch_cnn,pySTEPS + CNN,0,21040,,21040,42,715,2,16907,17666,144,0.0553359683794466
1,17 July 2025,60,1,pysteps_patch_cnn,pySTEPS + CNN,1,21041,,21041,6344,791,1828,8703,17666,144,0.7077987281044293
1,17 July 2025,60,5,pysteps_patch_cnn,pySTEPS + CNN,1,21041,,21041,2373,820,1073,13400,17666,144,0.5562587904360057
1,17 July 2025,60,10,pysteps_patch_cnn,pySTEPS + CNN,1,21041,,21041,944,760,290,15672,17666,144,0.473420260782347
1,17 July 2025,60,20,pysteps_patch_cnn,pySTEPS + CNN,1,21041,,21041,45,712,5,16904,17666,144,0.0590551181102362
1,17 July 2025,60,1,pysteps_patch_cnn,pySTEPS + CNN,2,21042,,21042,6352,783,1747,8784,17666,144,0.7151542445395181
1,17 July 2025,60,5,pysteps_patch_cnn,pySTEPS + CNN,2,21042,,21042,2302,891,958,13515,17666,144,0.554565165020477
1,17 July 2025,60,10,pysteps_patch_cnn,pySTEPS + CNN,2,21042,,21042,870,834,211,15751,17666,144,0.454308093994778
1,17 July 2025,60,20,pysteps_patch_cnn,pySTEPS + CNN,2,21042,,21042,6,751,0,16909,17666,144,0.0079260237780713
1,17 July 2025,60,1,exprecast_patch_cnn,exPreCast + CNN,0,21040,6455,21040,6205,930,1347,9184,17666,144,0.7315491629332704
1,17 July 2025,60,5,exprecast_patch_cnn,exPreCast + CNN,0,21040,6455,21040,2518,675,1498,12975,17666,144,0.536772543167768
1,17 July 2025,60,10,exprecast_patch_cnn,exPreCast + CNN,0,21040,6455,21040,1136,568,726,15236,17666,144,0.4674897119341564
1,17 July 2025,60,20,exprecast_patch_cnn,exPreCast + CNN,0,21040,6455,21040,185,572,30,16879,17666,144,0.2350698856416772
1,17 July 2025,60,1,exprecast_patch_cnn,exPreCast + CNN,1,21041,6455,21041,6303,832,1652,8879,17666,144,0.7173096620006828
1,17 July 2025,60,5,exprecast_patch_cnn,exPreCast + CNN,1,21041,6455,21041,2570,623,1538,12935,17666,144,0.5432255337138026
1,17 July 2025,60,10,exprecast_patch_cnn,exPreCast + CNN,1,21041,6455,21041,1159,545,706,15256,17666,144,0.4809128630705394
1,17 July 2025,60,20,exprecast_patch_cnn,exPreCast + CNN,1,21041,6455,21041,220,537,41,16868,17666,144,0.2756892230576441
1,17 July 2025,60,1,exprecast_patch_cnn,exPreCast + CNN,2,21042,6455,21042,6216,919,1316,9215,17666,144,0.7355342563010294
1,17 July 2025,60,5,exprecast_patch_cnn,exPreCast + CNN,2,21042,6455,21042,2419,774,1256,13217,17666,144,0.5437176893683974
1,17 July 2025,60,10,exprecast_patch_cnn,exPreCast + CNN,2,21042,6455,21042,1042,662,429,15533,17666,144,0.4885138302859821
1,17 July 2025,60,20,exprecast_patch_cnn,exPreCast + CNN,2,21042,6455,21042,158,599,23,16886,17666,144,0.2025641025641025
1,17 July 2025,60,1,direct_r2p,Direct R2P,0,0,,,6550,585,1659,8872,17666,144,0.7448260177393677
1,17 July 2025,60,5,direct_r2p,Direct R2P,0,0,,,2579,614,1148,13325,17666,144,0.594102741303847
1,17 July 2025,60,10,direct_r2p,Direct R2P,0,0,,,1277,427,573,15389,17666,144,0.5608256477821695
1,17 July 2025,60,20,direct_r2p,Direct R2P,0,0,,,499,258,222,16687,17666,144,0.5097037793667007
1,17 July 2025,60,1,direct_r2p,Direct R2P,1,1,,,6187,948,1300,9231,17666,144,0.7334914048606994
1,17 July 2025,60,5,direct_r2p,Direct R2P,1,1,,,2444,749,988,13485,17666,144,0.5845491509208324
1,17 July 2025,60,10,direct_r2p,Direct R2P,1,1,,,1135,569,440,15522,17666,144,0.5293843283582089
1,17 July 2025,60,20,direct_r2p,Direct R2P,1,1,,,406,351,118,16791,17666,144,0.464
1,17 July 2025,60,1,direct_r2p,Direct R2P,2,2,,,6476,659,1590,8941,17666,144,0.7422349570200573
1,17 July 2025,60,5,direct_r2p,Direct R2P,2,2,,,2534,659,1050,13423,17666,144,0.5972189488569408
1,17 July 2025,60,10,direct_r2p,Direct R2P,2,2,,,1252,452,496,15466,17666,144,0.5690909090909091
1,17 July 2025,60,20,direct_r2p,Direct R2P,2,2,,,504,253,229,16680,17666,144,0.5111561866125761
1,17 July 2025,90,1,pysteps_patch_cnn,pySTEPS + CNN,0,21040,,21040,5984,1151,2371,8160,17666,144,0.6294971596886177
1,17 July 2025,90,5,pysteps_patch_cnn,pySTEPS + CNN,0,21040,,21040,1935,1258,1288,13185,17666,144,0.4318232537380049
1,17 July 2025,90,10,pysteps_patch_cnn,pySTEPS + CNN,0,21040,,21040,634,1070,349,15613,17666,144,0.3088163662932294
1,17 July 2025,90,20,pysteps_patch_cnn,pySTEPS + CNN,0,21040,,21040,10,747,5,16904,17666,144,0.0131233595800524
1,17 July 2025,90,1,pysteps_patch_cnn,pySTEPS + CNN,1,21041,,21041,5850,1285,2055,8476,17666,144,0.6365614798694232
1,17 July 2025,90,5,pysteps_patch_cnn,pySTEPS + CNN,1,21041,,21041,1921,1272,1260,13213,17666,144,0.4313945654614866
1,17 July 2025,90,10,pysteps_patch_cnn,pySTEPS + CNN,1,21041,,21041,689,1015,397,15565,17666,144,0.3279390766301761
1,17 July 2025,90,20,pysteps_patch_cnn,pySTEPS + CNN,1,21041,,21041,13,744,10,16899,17666,144,0.0169491525423728
1,17 July 2025,90,1,pysteps_patch_cnn,pySTEPS + CNN,2,21042,,21042,5818,1317,2008,8523,17666,144,0.6363338072842611
1,17 July 2025,90,5,pysteps_patch_cnn,pySTEPS + CNN,2,21042,,21042,1871,1322,1141,13332,17666,144,0.4317028149515459
1,17 July 2025,90,10,pysteps_patch_cnn,pySTEPS + CNN,2,21042,,21042,635,1069,352,15610,17666,144,0.308852140077821
1,17 July 2025,90,20,pysteps_patch_cnn,pySTEPS + CNN,2,21042,,21042,2,755,0,16909,17666,144,0.0026420079260237
1,17 July 2025,90,1,exprecast_patch_cnn,exPreCast + CNN,0,21040,6455,21040,5911,1224,1675,8856,17666,144,0.6709421112372305
1,17 July 2025,90,5,exprecast_patch_cnn,exPreCast + CNN,0,21040,6455,21040,2190,1003,1472,13001,17666,144,0.4694533762057878
1,17 July 2025,90,10,exprecast_patch_cnn,exPreCast + CNN,0,21040,6455,21040,945,759,646,15316,17666,144,0.4021276595744681
1,17 July 2025,90,20,exprecast_patch_cnn,exPreCast + CNN,0,21040,6455,21040,82,675,55,16854,17666,144,0.1009852216748768
1,17 July 2025,90,1,exprecast_patch_cnn,exPreCast + CNN,1,21041,6455,21041,5931,1204,1702,8829,17666,144,0.6711553694692769
1,17 July 2025,90,5,exprecast_patch_cnn,exPreCast + CNN,1,21041,6455,21041,2238,955,1496,12977,17666,144,0.4772872680742162
1,17 July 2025,90,10,exprecast_patch_cnn,exPreCast + CNN,1,21041,6455,21041,971,733,695,15267,17666,144,0.4047519799916632
1,17 July 2025,90,20,exprecast_patch_cnn,exPreCast + CNN,1,21041,6455,21041,103,654,67,16842,17666,144,0.125
1,17 July 2025,90,1,exprecast_patch_cnn,exPreCast + CNN,2,21042,6455,21042,5807,1328,1490,9041,17666,144,0.6732753623188406
1,17 July 2025,90,5,exprecast_patch_cnn,exPreCast + CNN,2,21042,6455,21042,2077,1116,1224,13249,17666,144,0.4702286619877745
1,17 July 2025,90,10,exprecast_patch_cnn,exPreCast + CNN,2,21042,6455,21042,856,848,409,15553,17666,144,0.4051112162801704
1,17 July 2025,90,20,exprecast_patch_cnn,exPreCast + CNN,2,21042,6455,21042,79,678,38,16871,17666,144,0.0993710691823899
1,17 July 2025,90,1,direct_r2p,Direct R2P,0,0,,,6383,752,2357,8174,17666,144,0.6724610198061526
1,17 July 2025,90,5,direct_r2p,Direct R2P,0,0,,,2278,915,1255,13218,17666,144,0.5121402877697842
1,17 July 2025,90,10,direct_r2p,Direct R2P,0,0,,,1084,620,637,15325,17666,144,0.4630499786416061
1,17 July 2025,90,20,direct_r2p,Direct R2P,0,0,,,323,434,232,16677,17666,144,0.326592517694641
1,17 July 2025,90,1,direct_r2p,Direct R2P,1,1,,,6048,1087,2137,8394,17666,144,0.6522864538395168
1,17 July 2025,90,5,direct_r2p,Direct R2P,1,1,,,2184,1009,1191,13282,17666,144,0.4981751824817518
1,17 July 2025,90,10,direct_r2p,Direct R2P,1,1,,,997,707,485,15477,17666,144,0.455459113750571
1,17 July 2025,90,20,direct_r2p,Direct R2P,1,1,,,241,516,119,16790,17666,144,0.2751141552511416
1,17 July 2025,90,1,direct_r2p,Direct R2P,2,2,,,6284,851,2209,8322,17666,144,0.6725171232876712
1,17 July 2025,90,5,direct_r2p,Direct R2P,2,2,,,2174,1019,1087,13386,17666,144,0.5079439252336448
1,17 July 2025,90,10,direct_r2p,Direct R2P,2,2,,,1021,683,537,15425,17666,144,0.4556001784917448
1,17 July 2025,90,20,direct_r2p,Direct R2P,2,2,,,308,449,216,16693,17666,144,0.316546762589928
1,17 July 2025,120,1,pysteps_patch_cnn,pySTEPS + CNN,0,21040,,21040,5481,1654,2343,8188,17666,144,0.5782865583456426
1,17 July 2025,120,5,pysteps_patch_cnn,pySTEPS + CNN,0,21040,,21040,1538,1655,1308,13165,17666,144,0.341701844034659
1,17 July 2025,120,10,pysteps_patch_cnn,pySTEPS + CNN,0,21040,,21040,371,1333,401,15561,17666,144,0.1762470308788598
1,17 July 2025,120,20,pysteps_patch_cnn,pySTEPS + CNN,0,21040,,21040,1,756,8,16901,17666,144,0.0013071895424836
1,17 July 2025,120,1,pysteps_patch_cnn,pySTEPS + CNN,1,21041,,21041,5367,1768,2108,8423,17666,144,0.5806556312885427
1,17 July 2025,120,5,pysteps_patch_cnn,pySTEPS + CNN,1,21041,,21041,1492,1701,1319,13154,17666,144,0.3306737588652482
1,17 July 2025,120,10,pysteps_patch_cnn,pySTEPS + CNN,1,21041,,21041,430,1274,515,15447,17666,144,0.1937809824245155
1,17 July 2025,120,20,pysteps_patch_cnn,pySTEPS + CNN,1,21041,,21041,2,755,12,16897,17666,144,0.0026007802340702
1,17 July 2025,120,1,pysteps_patch_cnn,pySTEPS + CNN,2,21042,,21042,5350,1785,2051,8480,17666,144,0.5824080121924669
1,17 July 2025,120,5,pysteps_patch_cnn,pySTEPS + CNN,2,21042,,21042,1471,1722,1266,13207,17666,144,0.3298945952007177
1,17 July 2025,120,10,pysteps_patch_cnn,pySTEPS + CNN,2,21042,,21042,374,1330,436,15526,17666,144,0.1747663551401869
1,17 July 2025,120,20,pysteps_patch_cnn,pySTEPS + CNN,2,21042,,21042,0,757,3,16906,17666,144,0
1,17 July 2025,120,1,exprecast_patch_cnn,exPreCast + CNN,0,21040,6455,21040,5732,1403,1894,8637,17666,144,0.6348432827555655
1,17 July 2025,120,5,exprecast_patch_cnn,exPreCast + CNN,0,21040,6455,21040,1956,1237,1524,12949,17666,144,0.4146703413186347
1,17 July 2025,120,10,exprecast_patch_cnn,exPreCast + CNN,0,21040,6455,21040,794,910,623,15339,17666,144,0.3412118607649334
1,17 July 2025,120,20,exprecast_patch_cnn,exPreCast + CNN,0,21040,6455,21040,39,718,36,16873,17666,144,0.0491803278688524
1,17 July 2025,120,1,exprecast_patch_cnn,exPreCast + CNN,1,21041,6455,21041,5687,1448,1845,8686,17666,144,0.6332962138084632
1,17 July 2025,120,5,exprecast_patch_cnn,exPreCast + CNN,1,21041,6455,21041,1967,1226,1525,12948,17666,144,0.4169139465875371
1,17 July 2025,120,10,exprecast_patch_cnn,exPreCast + CNN,1,21041,6455,21041,798,906,642,15320,17666,144,0.340153452685422
1,17 July 2025,120,20,exprecast_patch_cnn,exPreCast + CNN,1,21041,6455,21041,41,716,44,16865,17666,144,0.0511860174781523
1,17 July 2025,120,1,exprecast_patch_cnn,exPreCast + CNN,2,21042,6455,21042,5605,1530,1686,8845,17666,144,0.6354154857725881
1,17 July 2025,120,5,exprecast_patch_cnn,exPreCast + CNN,2,21042,6455,21042,1829,1364,1274,13199,17666,144,0.4094470561898365
1,17 July 2025,120,10,exprecast_patch_cnn,exPreCast + CNN,2,21042,6455,21042,720,984,431,15531,17666,144,0.3372365339578454
1,17 July 2025,120,20,exprecast_patch_cnn,exPreCast + CNN,2,21042,6455,21042,26,731,26,16883,17666,144,0.0332056194125159
1,17 July 2025,120,1,direct_r2p,Direct R2P,0,0,,,6292,843,2928,7603,17666,144,0.6252608566033986
1,17 July 2025,120,5,direct_r2p,Direct R2P,0,0,,,2070,1123,1319,13154,17666,144,0.4587765957446808
1,17 July 2025,120,10,direct_r2p,Direct R2P,0,0,,,863,841,637,15325,17666,144,0.3686458778299872
1,17 July 2025,120,20,direct_r2p,Direct R2P,0,0,,,178,579,197,16712,17666,144,0.1865828092243186
1,17 July 2025,120,1,direct_r2p,Direct R2P,1,1,,,5960,1175,2663,7868,17666,144,0.6082874055929781
1,17 July 2025,120,5,direct_r2p,Direct R2P,1,1,,,1966,1227,1321,13152,17666,144,0.435533894550288
1,17 July 2025,120,10,direct_r2p,Direct R2P,1,1,,,787,917,474,15488,17666,144,0.3613406795224977
1,17 July 2025,120,20,direct_r2p,Direct R2P,1,1,,,68,689,60,16849,17666,144,0.0832313341493268
1,17 July 2025,120,1,direct_r2p,Direct R2P,2,2,,,6185,950,2750,7781,17666,144,0.6256954982296409
1,17 July 2025,120,5,direct_r2p,Direct R2P,2,2,,,1861,1332,993,13480,17666,144,0.4445771619684663
1,17 July 2025,120,10,direct_r2p,Direct R2P,2,2,,,720,984,460,15502,17666,144,0.33271719038817
1,17 July 2025,120,20,direct_r2p,Direct R2P,2,2,,,119,638,116,16793,17666,144,0.13631156930126
1,17 July 2025,150,1,pysteps_patch_cnn,pySTEPS + CNN,0,21040,,21040,5091,2044,2313,8218,17666,144,0.538844199830652
1,17 July 2025,150,5,pysteps_patch_cnn,pySTEPS + CNN,0,21040,,21040,1170,2023,1301,13172,17666,144,0.260347129506008
1,17 July 2025,150,10,pysteps_patch_cnn,pySTEPS + CNN,0,21040,,21040,159,1545,352,15610,17666,144,0.0773346303501945
1,17 July 2025,150,20,pysteps_patch_cnn,pySTEPS + CNN,0,21040,,21040,0,757,2,16907,17666,144,0
1,17 July 2025,150,1,pysteps_patch_cnn,pySTEPS + CNN,1,21041,,21041,4947,2188,2114,8417,17666,144,0.5348686344469672
1,17 July 2025,150,5,pysteps_patch_cnn,pySTEPS + CNN,1,21041,,21041,1195,1998,1414,13059,17666,144,0.259387887996527
1,17 July 2025,150,10,pysteps_patch_cnn,pySTEPS + CNN,1,21041,,21041,190,1514,539,15423,17666,144,0.084707980383415
1,17 July 2025,150,20,pysteps_patch_cnn,pySTEPS + CNN,1,21041,,21041,0,757,8,16901,17666,144,0
1,17 July 2025,150,1,pysteps_patch_cnn,pySTEPS + CNN,2,21042,,21042,4903,2232,2080,8451,17666,144,0.5320672816060771
1,17 July 2025,150,5,pysteps_patch_cnn,pySTEPS + CNN,2,21042,,21042,1128,2065,1353,13120,17666,144,0.2481302243730752
1,17 July 2025,150,10,pysteps_patch_cnn,pySTEPS + CNN,2,21042,,21042,171,1533,437,15525,17666,144,0.0798692199906585
1,17 July 2025,150,20,pysteps_patch_cnn,pySTEPS + CNN,2,21042,,21042,0,757,0,16909,17666,144,0
1,17 July 2025,150,1,exprecast_patch_cnn,exPreCast + CNN,0,21040,6455,21040,5613,1522,2078,8453,17666,144,0.6092478020188864
1,17 July 2025,150,5,exprecast_patch_cnn,exPreCast + CNN,0,21040,6455,21040,1879,1314,1645,12828,17666,144,0.3883836295990078
1,17 July 2025,150,10,exprecast_patch_cnn,exPreCast + CNN,0,21040,6455,21040,693,1011,660,15302,17666,144,0.2931472081218274
1,17 July 2025,150,20,exprecast_patch_cnn,exPreCast + CNN,0,21040,6455,21040,25,732,29,16880,17666,144,0.0318066157760814
1,17 July 2025,150,1,exprecast_patch_cnn,exPreCast + CNN,1,21041,6455,21041,5537,1598,1956,8575,17666,144,0.6090639093609064
1,17 July 2025,150,5,exprecast_patch_cnn,exPreCast + CNN,1,21041,6455,21041,1871,1322,1607,12866,17666,144,0.3897916666666666
1,17 July 2025,150,10,exprecast_patch_cnn,exPreCast + CNN,1,21041,6455,21041,710,994,691,15271,17666,144,0.2964509394572025
1,17 July 2025,150,20,exprecast_patch_cnn,exPreCast + CNN,1,21041,6455,21041,36,721,38,16871,17666,144,0.0452830188679245
1,17 July 2025,150,1,exprecast_patch_cnn,exPreCast + CNN,2,21042,6455,21042,5490,1645,1891,8640,17666,144,0.6082428539773986
1,17 July 2025,150,5,exprecast_patch_cnn,exPreCast + CNN,2,21042,6455,21042,1748,1445,1399,13074,17666,144,0.3806620209059233
1,17 July 2025,150,10,exprecast_patch_cnn,exPreCast + CNN,2,21042,6455,21042,631,1073,466,15496,17666,144,0.2907834101382488
1,17 July 2025,150,20,exprecast_patch_cnn,exPreCast + CNN,2,21042,6455,21042,18,739,19,16890,17666,144,0.0231958762886597
1,17 July 2025,150,1,direct_r2p,Direct R2P,0,0,,,6285,850,3518,7013,17666,144,0.5899746550267531
1,17 July 2025,150,5,direct_r2p,Direct R2P,0,0,,,1907,1286,1415,13058,17666,144,0.4138454861111111
1,17 July 2025,150,10,direct_r2p,Direct R2P,0,0,,,721,983,656,15306,17666,144,0.3055084745762711
1,17 July 2025,150,20,direct_r2p,Direct R2P,0,0,,,101,656,155,16754,17666,144,0.1107456140350877
1,17 July 2025,150,1,direct_r2p,Direct R2P,1,1,,,5913,1222,3258,7273,17666,144,0.5689406331184451
1,17 July 2025,150,5,direct_r2p,Direct R2P,1,1,,,1769,1424,1420,13053,17666,144,0.3834814654238023
1,17 July 2025,150,10,direct_r2p,Direct R2P,1,1,,,542,1162,364,15598,17666,144,0.2620889748549323
1,17 July 2025,150,20,direct_r2p,Direct R2P,1,1,,,13,744,16,16893,17666,144,0.0168175937904269
1,17 July 2025,150,1,direct_r2p,Direct R2P,2,2,,,6055,1080,3086,7445,17666,144,0.5924077878876822
1,17 July 2025,150,5,direct_r2p,Direct R2P,2,2,,,1514,1679,927,13546,17666,144,0.3674757281553398
1,17 July 2025,150,10,direct_r2p,Direct R2P,2,2,,,451,1253,339,15623,17666,144,0.2207537934410181
1,17 July 2025,150,20,direct_r2p,Direct R2P,2,2,,,50,707,72,16837,17666,144,0.060313630880579
1,17 July 2025,180,1,pysteps_patch_cnn,pySTEPS + CNN,0,21040,,21040,4582,2553,2208,8323,17666,144,0.4904206357700952
1,17 July 2025,180,5,pysteps_patch_cnn,pySTEPS + CNN,0,21040,,21040,818,2375,1256,13217,17666,144,0.1838615419195324
1,17 July 2025,180,10,pysteps_patch_cnn,pySTEPS + CNN,0,21040,,21040,67,1637,267,15695,17666,144,0.0339928970065956
1,17 July 2025,180,20,pysteps_patch_cnn,pySTEPS + CNN,0,21040,,21040,0,757,1,16908,17666,144,0
1,17 July 2025,180,1,pysteps_patch_cnn,pySTEPS + CNN,1,21041,,21041,4446,2689,2040,8491,17666,144,0.4845776566757493
1,17 July 2025,180,5,pysteps_patch_cnn,pySTEPS + CNN,1,21041,,21041,854,2339,1422,13051,17666,144,0.1850487540628385
1,17 July 2025,180,10,pysteps_patch_cnn,pySTEPS + CNN,1,21041,,21041,74,1630,477,15485,17666,144,0.0339293901879871
1,17 July 2025,180,20,pysteps_patch_cnn,pySTEPS + CNN,1,21041,,21041,0,757,3,16906,17666,144,0
1,17 July 2025,180,1,pysteps_patch_cnn,pySTEPS + CNN,2,21042,,21042,4444,2691,2024,8507,17666,144,0.4852058084943771
1,17 July 2025,180,5,pysteps_patch_cnn,pySTEPS + CNN,2,21042,,21042,794,2399,1337,13136,17666,144,0.1752759381898454
1,17 July 2025,180,10,pysteps_patch_cnn,pySTEPS + CNN,2,21042,,21042,75,1629,407,15555,17666,144,0.0355281856939838
1,17 July 2025,180,20,pysteps_patch_cnn,pySTEPS + CNN,2,21042,,21042,0,757,0,16909,17666,144,0
1,17 July 2025,180,1,exprecast_patch_cnn,exPreCast + CNN,0,21040,6455,21040,5489,1646,2269,8262,17666,144,0.5836877924287537
1,17 July 2025,180,5,exprecast_patch_cnn,exPreCast + CNN,0,21040,6455,21040,1754,1439,1711,12762,17666,144,0.3576672104404568
1,17 July 2025,180,10,exprecast_patch_cnn,exPreCast + CNN,0,21040,6455,21040,619,1085,658,15304,17666,144,0.2620660457239627
1,17 July 2025,180,20,exprecast_patch_cnn,exPreCast + CNN,0,21040,6455,21040,19,738,23,16886,17666,144,0.0243589743589743
1,17 July 2025,180,1,exprecast_patch_cnn,exPreCast + CNN,1,21041,6455,21041,5385,1750,2092,8439,17666,144,0.5836133087677469
1,17 July 2025,180,5,exprecast_patch_cnn,exPreCast + CNN,1,21041,6455,21041,1765,1428,1694,12779,17666,144,0.3611622672396153
1,17 July 2025,180,10,exprecast_patch_cnn,exPreCast + CNN,1,21041,6455,21041,647,1057,734,15228,17666,144,0.2653814602132895
1,17 July 2025,180,20,exprecast_patch_cnn,exPreCast + CNN,1,21041,6455,21041,26,731,37,16872,17666,144,0.0327455919395466
1,17 July 2025,180,1,exprecast_patch_cnn,exPreCast + CNN,2,21042,6455,21042,5349,1786,2045,8486,17666,144,0.5826797385620915
1,17 July 2025,180,5,exprecast_patch_cnn,exPreCast + CNN,2,21042,6455,21042,1609,1584,1458,13015,17666,144,0.3459471081487852
1,17 July 2025,180,10,exprecast_patch_cnn,exPreCast + CNN,2,21042,6455,21042,578,1126,471,15491,17666,144,0.2657471264367816
1,17 July 2025,180,20,exprecast_patch_cnn,exPreCast + CNN,2,21042,6455,21042,13,744,19,16890,17666,144,0.0167525773195876
1,17 July 2025,180,1,direct_r2p,Direct R2P,0,0,,,6240,895,4174,6357,17666,144,0.5517729242196481
1,17 July 2025,180,5,direct_r2p,Direct R2P,0,0,,,1740,1453,1511,12962,17666,144,0.3698979591836734
1,17 July 2025,180,10,direct_r2p,Direct R2P,0,0,,,555,1149,664,15298,17666,144,0.234375
1,17 July 2025,180,20,direct_r2p,Direct R2P,0,0,,,59,698,113,16796,17666,144,0.067816091954023
1,17 July 2025,180,1,direct_r2p,Direct R2P,1,1,,,5879,1256,3929,6602,17666,144,0.5313629790310919
1,17 July 2025,180,5,direct_r2p,Direct R2P,1,1,,,1550,1643,1469,13004,17666,144,0.3324753324753324
1,17 July 2025,180,10,direct_r2p,Direct R2P,1,1,,,356,1348,275,15687,17666,144,0.17988883274381
1,17 July 2025,180,20,direct_r2p,Direct R2P,1,1,,,3,754,2,16907,17666,144,0.0039525691699604
1,17 July 2025,180,1,direct_r2p,Direct R2P,2,2,,,5936,1199,3462,7069,17666,144,0.560158535434557
1,17 July 2025,180,5,direct_r2p,Direct R2P,2,2,,,1172,2021,853,13620,17666,144,0.2896688086999505
1,17 July 2025,180,10,direct_r2p,Direct R2P,2,2,,,287,1417,214,15748,17666,144,0.1496350364963503
1,17 July 2025,180,20,direct_r2p,Direct R2P,2,2,,,20,737,25,16884,17666,144,0.0255754475703324
2,21 September 2024,60,1,pysteps_patch_cnn,pySTEPS + CNN,0,21040,,21040,10048,530,1933,5183,17694,144,0.8031332427463832
2,21 September 2024,60,5,pysteps_patch_cnn,pySTEPS + CNN,0,21040,,21040,3940,1569,1058,11127,17694,144,0.5999695446931628
2,21 September 2024,60,10,pysteps_patch_cnn,pySTEPS + CNN,0,21040,,21040,1115,1519,289,14771,17694,144,0.3814574067738625
2,21 September 2024,60,20,pysteps_patch_cnn,pySTEPS + CNN,0,21040,,21040,34,869,0,16791,17694,144,0.0376522702104097
2,21 September 2024,60,1,pysteps_patch_cnn,pySTEPS + CNN,1,21041,,21041,9821,757,1584,5532,17694,144,0.8075152113139287
2,21 September 2024,60,5,pysteps_patch_cnn,pySTEPS + CNN,1,21041,,21041,3775,1734,907,11278,17694,144,0.5883728179551122
2,21 September 2024,60,10,pysteps_patch_cnn,pySTEPS + CNN,1,21041,,21041,1139,1495,310,14750,17694,144,0.3868885869565217
2,21 September 2024,60,20,pysteps_patch_cnn,pySTEPS + CNN,1,21041,,21041,41,862,1,16790,17694,144,0.0453539823008849
2,21 September 2024,60,1,pysteps_patch_cnn,pySTEPS + CNN,2,21042,,21042,9761,817,1535,5581,17694,144,0.8058284487740445
2,21 September 2024,60,5,pysteps_patch_cnn,pySTEPS + CNN,2,21042,,21042,3695,1814,822,11363,17694,144,0.5836360764492181
2,21 September 2024,60,10,pysteps_patch_cnn,pySTEPS + CNN,2,21042,,21042,1059,1575,223,14837,17694,144,0.3706685334266713
2,21 September 2024,60,20,pysteps_patch_cnn,pySTEPS + CNN,2,21042,,21042,8,895,0,16791,17694,144,0.0088593576965669
2,21 September 2024,60,1,exprecast_patch_cnn,exPreCast + CNN,0,21040,6455,21040,9739,839,1190,5926,17694,144,0.8275832766825288
2,21 September 2024,60,5,exprecast_patch_cnn,exPreCast + CNN,0,21040,6455,21040,4230,1279,1324,10861,17694,144,0.6190545880286843
2,21 September 2024,60,10,exprecast_patch_cnn,exPreCast + CNN,0,21040,6455,21040,1582,1052,985,14075,17694,144,0.437137330754352
2,21 September 2024,60,20,exprecast_patch_cnn,exPreCast + CNN,0,21040,6455,21040,121,782,16,16775,17694,144,0.1316648531011969
2,21 September 2024,60,1,exprecast_patch_cnn,exPreCast + CNN,1,21041,6455,21041,9758,820,1307,5809,17694,144,0.8210349179638199
2,21 September 2024,60,5,exprecast_patch_cnn,exPreCast + CNN,1,21041,6455,21041,4253,1256,1330,10855,17694,144,0.6218745430618512
2,21 September 2024,60,10,exprecast_patch_cnn,exPreCast + CNN,1,21041,6455,21041,1561,1073,898,14162,17694,144,0.4419592298980747
2,21 September 2024,60,20,exprecast_patch_cnn,exPreCast + CNN,1,21041,6455,21041,148,755,25,16766,17694,144,0.1594827586206896
2,21 September 2024,60,1,exprecast_patch_cnn,exPreCast + CNN,2,21042,6455,21042,9704,874,1135,5981,17694,144,0.8284811747630838
2,21 September 2024,60,5,exprecast_patch_cnn,exPreCast + CNN,2,21042,6455,21042,3999,1510,1064,11121,17694,144,0.6083979917845732
2,21 September 2024,60,10,exprecast_patch_cnn,exPreCast + CNN,2,21042,6455,21042,1379,1255,636,14424,17694,144,0.4217125382262996
2,21 September 2024,60,20,exprecast_patch_cnn,exPreCast + CNN,2,21042,6455,21042,110,793,7,16784,17694,144,0.1208791208791208
2,21 September 2024,60,1,direct_r2p,Direct R2P,0,0,,,9505,1073,1055,6061,17694,144,0.8170721224103843
2,21 September 2024,60,5,direct_r2p,Direct R2P,0,0,,,3877,1632,742,11443,17694,144,0.6202207646776515
2,21 September 2024,60,10,direct_r2p,Direct R2P,0,0,,,1632,1002,505,14555,17694,144,0.5199107996177127
2,21 September 2024,60,20,direct_r2p,Direct R2P,0,0,,,510,393,180,16611,17694,144,0.4709141274238227
2,21 September 2024,60,1,direct_r2p,Direct R2P,1,1,,,9341,1237,1045,6071,17694,144,0.803665146691904
2,21 September 2024,60,5,direct_r2p,Direct R2P,1,1,,,3835,1674,705,11480,17694,144,0.6171548117154811
2,21 September 2024,60,10,direct_r2p,Direct R2P,1,1,,,1549,1085,438,14622,17694,144,0.5042317708333334
2,21 September 2024,60,20,direct_r2p,Direct R2P,1,1,,,402,501,108,16683,17694,144,0.3976261127596439
2,21 September 2024,60,1,direct_r2p,Direct R2P,2,2,,,9230,1348,830,6286,17694,144,0.8090813464235624
2,21 September 2024,60,5,direct_r2p,Direct R2P,2,2,,,3623,1886,499,11686,17694,144,0.603029294274301
2,21 September 2024,60,10,direct_r2p,Direct R2P,2,2,,,1538,1096,368,14692,17694,144,0.5123251165889408
2,21 September 2024,60,20,direct_r2p,Direct R2P,2,2,,,457,446,151,16640,17694,144,0.4335863377609108
2,21 September 2024,90,1,pysteps_patch_cnn,pySTEPS + CNN,0,21040,,21040,9505,1073,1957,5159,17694,144,0.7582768248903071
2,21 September 2024,90,5,pysteps_patch_cnn,pySTEPS + CNN,0,21040,,21040,3337,2172,1124,11061,17694,144,0.5030906075682195
2,21 September 2024,90,10,pysteps_patch_cnn,pySTEPS + CNN,0,21040,,21040,779,1855,367,14693,17694,144,0.2595801399533489
2,21 September 2024,90,20,pysteps_patch_cnn,pySTEPS + CNN,0,21040,,21040,1,902,3,16788,17694,144,0.0011037527593818
2,21 September 2024,90,1,pysteps_patch_cnn,pySTEPS + CNN,1,21041,,21041,9248,1330,1662,5454,17694,144,0.7555555555555555
2,21 September 2024,90,5,pysteps_patch_cnn,pySTEPS + CNN,1,21041,,21041,3237,2272,1068,11117,17694,144,0.4921696822259389
2,21 September 2024,90,10,pysteps_patch_cnn,pySTEPS + CNN,1,21041,,21041,839,1795,402,14658,17694,144,0.2763504611330698
2,21 September 2024,90,20,pysteps_patch_cnn,pySTEPS + CNN,1,21041,,21041,5,898,9,16782,17694,144,0.0054824561403508
2,21 September 2024,90,1,pysteps_patch_cnn,pySTEPS + CNN,2,21042,,21042,9222,1356,1680,5436,17694,144,0.7523250122369065
2,21 September 2024,90,5,pysteps_patch_cnn,pySTEPS + CNN,2,21042,,21042,3128,2381,982,11203,17694,144,0.4818980126328763
2,21 September 2024,90,10,pysteps_patch_cnn,pySTEPS + CNN,2,21042,,21042,799,1835,341,14719,17694,144,0.2685714285714285
2,21 September 2024,90,20,pysteps_patch_cnn,pySTEPS + CNN,2,21042,,21042,0,903,1,16790,17694,144,0
2,21 September 2024,90,1,exprecast_patch_cnn,exPreCast + CNN,0,21040,6455,21040,9431,1147,1398,5718,17694,144,0.7874916499665998
2,21 September 2024,90,5,exprecast_patch_cnn,exPreCast + CNN,0,21040,6455,21040,3606,1903,1130,11055,17694,144,0.543154089471306
2,21 September 2024,90,10,exprecast_patch_cnn,exPreCast + CNN,0,21040,6455,21040,1171,1463,692,14368,17694,144,0.3520745640408899
2,21 September 2024,90,20,exprecast_patch_cnn,exPreCast + CNN,0,21040,6455,21040,34,869,25,16766,17694,144,0.0366379310344827
2,21 September 2024,90,1,exprecast_patch_cnn,exPreCast + CNN,1,21041,6455,21041,9280,1298,1359,5757,17694,144,0.7774147608276787
2,21 September 2024,90,5,exprecast_patch_cnn,exPreCast + CNN,1,21041,6455,21041,3609,1900,1153,11032,17694,144,0.5417292104473131
2,21 September 2024,90,10,exprecast_patch_cnn,exPreCast + CNN,1,21041,6455,21041,1154,1480,703,14357,17694,144,0.3458195984417141
2,21 September 2024,90,20,exprecast_patch_cnn,exPreCast + CNN,1,21041,6455,21041,39,864,23,16768,17694,144,0.0421166306695464
2,21 September 2024,90,1,exprecast_patch_cnn,exPreCast + CNN,2,21042,6455,21042,9299,1279,1291,5825,17694,144,0.7834695425056871
2,21 September 2024,90,5,exprecast_patch_cnn,exPreCast + CNN,2,21042,6455,21042,3270,2239,889,11296,17694,144,0.5110972178805877
2,21 September 2024,90,10,exprecast_patch_cnn,exPreCast + CNN,2,21042,6455,21042,966,1668,443,14617,17694,144,0.3139421514462138
2,21 September 2024,90,20,exprecast_patch_cnn,exPreCast + CNN,2,21042,6455,21042,24,879,6,16785,17694,144,0.0264026402640264
2,21 September 2024,90,1,direct_r2p,Direct R2P,0,0,,,9394,1184,1617,5499,17694,144,0.7703157031570316
2,21 September 2024,90,5,direct_r2p,Direct R2P,0,0,,,3461,2048,862,11323,17694,144,0.5432428190237012
2,21 September 2024,90,10,direct_r2p,Direct R2P,0,0,,,1402,1232,626,14434,17694,144,0.4300613496932515
2,21 September 2024,90,20,direct_r2p,Direct R2P,0,0,,,345,558,173,16618,17694,144,0.320631970260223
2,21 September 2024,90,1,direct_r2p,Direct R2P,1,1,,,9322,1256,1729,5387,17694,144,0.7574551068497603
2,21 September 2024,90,5,direct_r2p,Direct R2P,1,1,,,3518,1991,1034,11151,17694,144,0.5376738499159407
2,21 September 2024,90,10,direct_r2p,Direct R2P,1,1,,,1405,1229,654,14406,17694,144,0.4273114355231143
2,21 September 2024,90,20,direct_r2p,Direct R2P,1,1,,,237,666,94,16697,17694,144,0.2377131394182547
2,21 September 2024,90,1,direct_r2p,Direct R2P,2,2,,,8844,1734,1225,5891,17694,144,0.7493010251630942
2,21 September 2024,90,5,direct_r2p,Direct R2P,2,2,,,3156,2353,601,11584,17694,144,0.5165302782324059
2,21 September 2024,90,10,direct_r2p,Direct R2P,2,2,,,1217,1417,437,14623,17694,144,0.3962878541191794
2,21 September 2024,90,20,direct_r2p,Direct R2P,2,2,,,251,652,139,16652,17694,144,0.2408829174664107
2,21 September 2024,120,1,pysteps_patch_cnn,pySTEPS + CNN,0,21040,,21040,8979,1599,2028,5088,17694,144,0.7122798667301286
2,21 September 2024,120,5,pysteps_patch_cnn,pySTEPS + CNN,0,21040,,21040,2833,2676,1188,10997,17694,144,0.4230252351799313
2,21 September 2024,120,10,pysteps_patch_cnn,pySTEPS + CNN,0,21040,,21040,496,2138,396,14664,17694,144,0.1636963696369636
2,21 September 2024,120,20,pysteps_patch_cnn,pySTEPS + CNN,0,21040,,21040,1,902,0,16791,17694,144,0.0011074197120708
2,21 September 2024,120,1,pysteps_patch_cnn,pySTEPS + CNN,1,21041,,21041,8721,1857,1760,5356,17694,144,0.7068406548873399
2,21 September 2024,120,5,pysteps_patch_cnn,pySTEPS + CNN,1,21041,,21041,2773,2736,1192,10993,17694,144,0.4138188330099985
2,21 September 2024,120,10,pysteps_patch_cnn,pySTEPS + CNN,1,21041,,21041,589,2045,499,14561,17694,144,0.1879987232684328
2,21 September 2024,120,20,pysteps_patch_cnn,pySTEPS + CNN,1,21041,,21041,0,903,5,16786,17694,144,0
2,21 September 2024,120,1,pysteps_patch_cnn,pySTEPS + CNN,2,21042,,21042,8702,1876,1754,5362,17694,144,0.7056438533895556
2,21 September 2024,120,5,pysteps_patch_cnn,pySTEPS + CNN,2,21042,,21042,2679,2830,1107,11078,17694,144,0.4049274486094317
2,21 September 2024,120,10,pysteps_patch_cnn,pySTEPS + CNN,2,21042,,21042,531,2103,403,14657,17694,144,0.1748435956536055
2,21 September 2024,120,20,pysteps_patch_cnn,pySTEPS + CNN,2,21042,,21042,0,903,0,16791,17694,144,0
2,21 September 2024,120,1,exprecast_patch_cnn,exPreCast + CNN,0,21040,6455,21040,9160,1418,1650,5466,17694,144,0.7491004252535165
2,21 September 2024,120,5,exprecast_patch_cnn,exPreCast + CNN,0,21040,6455,21040,3182,2327,1141,11044,17694,144,0.4784962406015037
2,21 September 2024,120,10,exprecast_patch_cnn,exPreCast + CNN,0,21040,6455,21040,880,1754,623,14437,17694,144,0.2701872889161805
2,21 September 2024,120,20,exprecast_patch_cnn,exPreCast + CNN,0,21040,6455,21040,6,897,16,16775,17694,144,0.0065288356909684
2,21 September 2024,120,1,exprecast_patch_cnn,exPreCast + CNN,1,21041,6455,21041,8997,1581,1556,5560,17694,144,0.7414702488874237
2,21 September 2024,120,5,exprecast_patch_cnn,exPreCast + CNN,1,21041,6455,21041,3123,2386,1107,11078,17694,144,0.472037484885127
2,21 September 2024,120,10,exprecast_patch_cnn,exPreCast + CNN,1,21041,6455,21041,848,1786,579,14481,17694,144,0.263927793339558
2,21 September 2024,120,20,exprecast_patch_cnn,exPreCast + CNN,1,21041,6455,21041,10,893,22,16769,17694,144,0.0108108108108108
2,21 September 2024,120,1,exprecast_patch_cnn,exPreCast + CNN,2,21042,6455,21042,9031,1547,1533,5583,17694,144,0.745685740236149
2,21 September 2024,120,5,exprecast_patch_cnn,exPreCast + CNN,2,21042,6455,21042,2869,2640,894,11291,17694,144,0.4480712166172106
2,21 September 2024,120,10,exprecast_patch_cnn,exPreCast + CNN,2,21042,6455,21042,764,1870,415,14645,17694,144,0.2505739586749754
2,21 September 2024,120,20,exprecast_patch_cnn,exPreCast + CNN,2,21042,6455,21042,7,896,4,16787,17694,144,0.0077177508269018
2,21 September 2024,120,1,direct_r2p,Direct R2P,0,0,,,9348,1230,2016,5100,17694,144,0.7422582181991424
2,21 September 2024,120,5,direct_r2p,Direct R2P,0,0,,,3101,2408,962,11223,17694,144,0.4792149590480605
2,21 September 2024,120,10,direct_r2p,Direct R2P,0,0,,,1166,1468,672,14388,17694,144,0.352692075015124
2,21 September 2024,120,20,direct_r2p,Direct R2P,0,0,,,159,744,92,16699,17694,144,0.1597989949748743
2,21 September 2024,120,1,direct_r2p,Direct R2P,1,1,,,9107,1471,2065,5051,17694,144,0.7203195444119276
2,21 September 2024,120,5,direct_r2p,Direct R2P,1,1,,,3373,2136,1281,10904,17694,144,0.496759941089838
2,21 September 2024,120,10,direct_r2p,Direct R2P,1,1,,,1214,1420,799,14261,17694,144,0.3536265656859889
2,21 September 2024,120,20,direct_r2p,Direct R2P,1,1,,,70,833,63,16728,17694,144,0.072463768115942
2,21 September 2024,120,1,direct_r2p,Direct R2P,2,2,,,8582,1996,1527,5589,17694,144,0.7089632383312681
2,21 September 2024,120,5,direct_r2p,Direct R2P,2,2,,,2743,2766,627,11558,17694,144,0.4470338983050847
2,21 September 2024,120,10,direct_r2p,Direct R2P,2,2,,,926,1708,429,14631,17694,144,0.3023179888997714
2,21 September 2024,120,20,direct_r2p,Direct R2P,2,2,,,109,794,71,16720,17694,144,0.1119096509240246
2,21 September 2024,150,1,pysteps_patch_cnn,pySTEPS + CNN,0,21040,,21040,8554,2024,2052,5064,17694,144,0.6772763262074426
2,21 September 2024,150,5,pysteps_patch_cnn,pySTEPS + CNN,0,21040,,21040,2346,3163,1247,10938,17694,144,0.347246891651865
2,21 September 2024,150,10,pysteps_patch_cnn,pySTEPS + CNN,0,21040,,21040,282,2352,407,14653,17694,144,0.0927326537323249
2,21 September 2024,150,20,pysteps_patch_cnn,pySTEPS + CNN,0,21040,,21040,0,903,0,16791,17694,144,0
2,21 September 2024,150,1,pysteps_patch_cnn,pySTEPS + CNN,1,21041,,21041,8319,2259,1861,5255,17694,144,0.6687836642816947
2,21 September 2024,150,5,pysteps_patch_cnn,pySTEPS + CNN,1,21041,,21041,2352,3157,1340,10845,17694,144,0.3434077967586509
2,21 September 2024,150,10,pysteps_patch_cnn,pySTEPS + CNN,1,21041,,21041,373,2261,549,14511,17694,144,0.1171850455545083
2,21 September 2024,150,20,pysteps_patch_cnn,pySTEPS + CNN,1,21041,,21041,0,903,3,16788,17694,144,0
2,21 September 2024,150,1,pysteps_patch_cnn,pySTEPS + CNN,2,21042,,21042,8303,2275,1826,5290,17694,144,0.6693808448887456
2,21 September 2024,150,5,pysteps_patch_cnn,pySTEPS + CNN,2,21042,,21042,2309,3200,1241,10944,17694,144,0.3420740740740741
2,21 September 2024,150,10,pysteps_patch_cnn,pySTEPS + CNN,2,21042,,21042,328,2306,436,14624,17694,144,0.1068403908794788
2,21 September 2024,150,20,pysteps_patch_cnn,pySTEPS + CNN,2,21042,,21042,0,903,0,16791,17694,144,0
2,21 September 2024,150,1,exprecast_patch_cnn,exPreCast + CNN,0,21040,6455,21040,8964,1614,1922,5194,17694,144,0.71712
2,21 September 2024,150,5,exprecast_patch_cnn,exPreCast + CNN,0,21040,6455,21040,2963,2546,1332,10853,17694,144,0.433123812308142
2,21 September 2024,150,10,exprecast_patch_cnn,exPreCast + CNN,0,21040,6455,21040,755,1879,671,14389,17694,144,0.2284417549167927
2,21 September 2024,150,20,exprecast_patch_cnn,exPreCast + CNN,0,21040,6455,21040,0,903,19,16772,17694,144,0
2,21 September 2024,150,1,exprecast_patch_cnn,exPreCast + CNN,1,21041,6455,21041,8740,1838,1756,5360,17694,144,0.7086103453867358
2,21 September 2024,150,5,exprecast_patch_cnn,exPreCast + CNN,1,21041,6455,21041,2866,2643,1249,10936,17694,144,0.4240899674459899
2,21 September 2024,150,10,exprecast_patch_cnn,exPreCast + CNN,1,21041,6455,21041,725,1909,634,14426,17694,144,0.2218482252141982
2,21 September 2024,150,20,exprecast_patch_cnn,exPreCast + CNN,1,21041,6455,21041,4,899,25,16766,17694,144,0.0043103448275862
2,21 September 2024,150,1,exprecast_patch_cnn,exPreCast + CNN,2,21042,6455,21042,8793,1785,1770,5346,17694,144,0.7120991253644315
2,21 September 2024,150,5,exprecast_patch_cnn,exPreCast + CNN,2,21042,6455,21042,2643,2866,1044,11141,17694,144,0.4033267205859911
2,21 September 2024,150,10,exprecast_patch_cnn,exPreCast + CNN,2,21042,6455,21042,625,2009,454,14606,17694,144,0.2023963730569948
2,21 September 2024,150,20,exprecast_patch_cnn,exPreCast + CNN,2,21042,6455,21042,0,903,8,16783,17694,144,0
2,21 September 2024,150,1,direct_r2p,Direct R2P,0,0,,,9309,1269,2434,4682,17694,144,0.7154165385797725
2,21 September 2024,150,5,direct_r2p,Direct R2P,0,0,,,2924,2585,1126,11059,17694,144,0.4406932931424265
2,21 September 2024,150,10,direct_r2p,Direct R2P,0,0,,,943,1691,661,14399,17694,144,0.2861911987860394
2,21 September 2024,150,20,direct_r2p,Direct R2P,0,0,,,47,856,60,16731,17694,144,0.0488058151609553
2,21 September 2024,150,1,direct_r2p,Direct R2P,1,1,,,8916,1662,2333,4783,17694,144,0.6905739292076524
2,21 September 2024,150,5,direct_r2p,Direct R2P,1,1,,,3268,2241,1517,10668,17694,144,0.4651295189296897
2,21 September 2024,150,10,direct_r2p,Direct R2P,1,1,,,965,1669,830,14230,17694,144,0.2785796766743649
2,21 September 2024,150,20,direct_r2p,Direct R2P,1,1,,,32,871,38,16753,17694,144,0.0340063761955366
2,21 September 2024,150,1,direct_r2p,Direct R2P,2,2,,,8331,2247,1791,5325,17694,144,0.6735386854232355
2,21 September 2024,150,5,direct_r2p,Direct R2P,2,2,,,2348,3161,663,11522,17694,144,0.3804277381723914
2,21 September 2024,150,10,direct_r2p,Direct R2P,2,2,,,713,1921,393,14667,17694,144,0.2355467459530888
2,21 September 2024,150,20,direct_r2p,Direct R2P,2,2,,,22,881,42,16749,17694,144,0.0232804232804232
2,21 September 2024,180,1,pysteps_patch_cnn,pySTEPS + CNN,0,21040,,21040,8245,2333,2049,5067,17694,144,0.6529658667933793
2,21 September 2024,180,5,pysteps_patch_cnn,pySTEPS + CNN,0,21040,,21040,1950,3559,1240,10945,17694,144,0.2889316935842347
2,21 September 2024,180,10,pysteps_patch_cnn,pySTEPS + CNN,0,21040,,21040,204,2430,323,14737,17694,144,0.0689888400405816
2,21 September 2024,180,20,pysteps_patch_cnn,pySTEPS + CNN,0,21040,,21040,0,903,0,16791,17694,144,0
2,21 September 2024,180,1,pysteps_patch_cnn,pySTEPS + CNN,1,21041,,21041,7990,2588,1859,5257,17694,144,0.6424378869502292
2,21 September 2024,180,5,pysteps_patch_cnn,pySTEPS + CNN,1,21041,,21041,2009,3500,1387,10798,17694,144,0.2913283062645012
2,21 September 2024,180,10,pysteps_patch_cnn,pySTEPS + CNN,1,21041,,21041,260,2374,493,14567,17694,144,0.0831467860569235
2,21 September 2024,180,20,pysteps_patch_cnn,pySTEPS + CNN,1,21041,,21041,0,903,1,16790,17694,144,0
2,21 September 2024,180,1,pysteps_patch_cnn,pySTEPS + CNN,2,21042,,21042,7964,2614,1867,5249,17694,144,0.6399357171554841
2,21 September 2024,180,5,pysteps_patch_cnn,pySTEPS + CNN,2,21042,,21042,1962,3547,1271,10914,17694,144,0.2893805309734513
2,21 September 2024,180,10,pysteps_patch_cnn,pySTEPS + CNN,2,21042,,21042,243,2391,417,14643,17694,144,0.079646017699115
2,21 September 2024,180,20,pysteps_patch_cnn,pySTEPS + CNN,2,21042,,21042,0,903,0,16791,17694,144,0
2,21 September 2024,180,1,exprecast_patch_cnn,exPreCast + CNN,0,21040,6455,21040,8795,1783,2199,4917,17694,144,0.6883462471628707
2,21 September 2024,180,5,exprecast_patch_cnn,exPreCast + CNN,0,21040,6455,21040,2830,2679,1445,10740,17694,144,0.4069600230083405
2,21 September 2024,180,10,exprecast_patch_cnn,exPreCast + CNN,0,21040,6455,21040,664,1970,700,14360,17694,144,0.1991601679664067
2,21 September 2024,180,20,exprecast_patch_cnn,exPreCast + CNN,0,21040,6455,21040,0,903,20,16771,17694,144,0
2,21 September 2024,180,1,exprecast_patch_cnn,exPreCast + CNN,1,21041,6455,21041,8591,1987,1978,5138,17694,144,0.6842147180630774
2,21 September 2024,180,5,exprecast_patch_cnn,exPreCast + CNN,1,21041,6455,21041,2747,2762,1373,10812,17694,144,0.3991572217378669
2,21 September 2024,180,10,exprecast_patch_cnn,exPreCast + CNN,1,21041,6455,21041,640,1994,691,14369,17694,144,0.1924812030075188
2,21 September 2024,180,20,exprecast_patch_cnn,exPreCast + CNN,1,21041,6455,21041,2,901,33,16758,17694,144,0.0021367521367521
2,21 September 2024,180,1,exprecast_patch_cnn,exPreCast + CNN,2,21042,6455,21042,8623,1955,2033,5083,17694,144,0.6837681389263341
2,21 September 2024,180,5,exprecast_patch_cnn,exPreCast + CNN,2,21042,6455,21042,2556,2953,1139,11046,17694,144,0.3844765342960289
2,21 September 2024,180,10,exprecast_patch_cnn,exPreCast + CNN,2,21042,6455,21042,550,2084,493,14567,17694,144,0.1758874320434921
2,21 September 2024,180,20,exprecast_patch_cnn,exPreCast + CNN,2,21042,6455,21042,0,903,5,16786,17694,144,0
2,21 September 2024,180,1,direct_r2p,Direct R2P,0,0,,,9277,1301,2805,4311,17694,144,0.693192856609131
2,21 September 2024,180,5,direct_r2p,Direct R2P,0,0,,,2747,2762,1310,10875,17694,144,0.4028449919343012
2,21 September 2024,180,10,direct_r2p,Direct R2P,0,0,,,796,1838,633,14427,17694,144,0.2436486072849709
2,21 September 2024,180,20,direct_r2p,Direct R2P,0,0,,,18,885,32,16759,17694,144,0.0192513368983957
2,21 September 2024,180,1,direct_r2p,Direct R2P,1,1,,,8915,1663,2606,4510,17694,144,0.6761984223300971
2,21 September 2024,180,5,direct_r2p,Direct R2P,1,1,,,3170,2339,1722,10463,17694,144,0.4383902641405061
2,21 September 2024,180,10,direct_r2p,Direct R2P,1,1,,,753,1881,797,14263,17694,144,0.2194695424074614
2,21 September 2024,180,20,direct_r2p,Direct R2P,1,1,,,23,880,7,16784,17694,144,0.0252747252747252
2,21 September 2024,180,1,direct_r2p,Direct R2P,2,2,,,8289,2289,2057,5059,17694,144,0.65603482390186
2,21 September 2024,180,5,direct_r2p,Direct R2P,2,2,,,2078,3431,622,11563,17694,144,0.3389332898385255
2,21 September 2024,180,10,direct_r2p,Direct R2P,2,2,,,492,2142,320,14740,17694,144,0.1665538253215978
2,21 September 2024,180,20,direct_r2p,Direct R2P,2,2,,,7,896,18,16773,17694,144,0.007600434310532
