route,route_label,member,replicate_id,upstream_seed,downstream_seed,lead_min,threshold_mm,csi,pod,far,frequency_bias,hit,miss,false_alarm,correct_negative
pysteps_patch_cnn,pySTEPS + CNN,0,21040,,21040,60,1,0.5814952320707534,0.8368044034948913,0.3441255997092722,1.275860748832342,196721,38365,103216,4070352
pysteps_patch_cnn,pySTEPS + CNN,0,21040,,21040,60,5,0.4865558494886879,0.6279475648750907,0.3163668640694562,0.9185446577576212,49292,29205,22811,4307346
pysteps_patch_cnn,pySTEPS + CNN,0,21040,,21040,60,10,0.2844659415836028,0.3142528192714176,0.2499295377677564,0.4189643974729881,10645,23229,3547,4371233
pysteps_patch_cnn,pySTEPS + CNN,0,21040,,21040,60,20,0.0202695417789757,0.0202958004965993,0.06,0.0215912771240418,188,9075,12,4399379
pysteps_patch_cnn,pySTEPS + CNN,0,21040,,21040,70,1,0.5569142940788993,0.8091847238882792,0.3588907949325451,1.262163633734038,190228,44858,106489,4067069
pysteps_patch_cnn,pySTEPS + CNN,0,21040,,21040,70,5,0.4437229437229437,0.5771558148719059,0.3425482513423306,0.8778679439978598,45305,33192,23605,4306542
pysteps_patch_cnn,pySTEPS + CNN,0,21040,,21040,70,10,0.2350086655112651,0.2601995630867332,0.2917637605464042,0.3673909192891303,8814,25060,3631,4371139
pysteps_patch_cnn,pySTEPS + CNN,0,21040,,21040,70,20,0.0126077586206896,0.0126308971175645,0.126865671641791,0.014466155673108,117,9146,17,4399364
pysteps_patch_cnn,pySTEPS + CNN,0,21040,,21040,80,1,0.5326501658112566,0.7809397412010923,0.3737852652547489,1.247079792076091,183588,51498,109583,4063966
pysteps_patch_cnn,pySTEPS + CNN,0,21040,,21040,80,5,0.4029129994547862,0.5272048613322802,0.3691367246451927,0.8356879880759774,41384,37113,24215,4305923
pysteps_patch_cnn,pySTEPS + CNN,0,21040,,21040,80,10,0.1917367244865382,0.2127590482375863,0.3400787473674572,0.3224006612741335,7207,26667,3714,4371047
pysteps_patch_cnn,pySTEPS + CNN,0,21040,,21040,80,20,0.0073315363881401,0.0073410342221742,0.15,0.0086365108496167,68,9195,12,4399360
pysteps_patch_cnn,pySTEPS + CNN,0,21040,,21040,90,1,0.5107145736630538,0.7544600699318548,0.3874762139929065,1.23172370962116,177363,57723,112198,4061342
pysteps_patch_cnn,pySTEPS + CNN,0,21040,,21040,90,5,0.3676280587909579,0.4821075964686548,0.3924351399948625,0.793508032154095,37844,40653,24444,4305685
pysteps_patch_cnn,pySTEPS + CNN,0,21040,,21040,90,10,0.1581411432979544,0.1755033358918344,0.384830298013245,0.2852925547617642,5945,27929,3719,4371033
pysteps_patch_cnn,pySTEPS + CNN,0,21040,,21040,90,20,0.0032341526520051,0.0032386915686062,0.3023255813953488,0.004642124581669,30,9233,13,4399350
pysteps_patch_cnn,pySTEPS + CNN,0,21040,,21040,100,1,0.4898986288443116,0.728754583429043,0.400851230507206,1.216316582016794,171320,63766,114619,4058912
pysteps_patch_cnn,pySTEPS + CNN,0,21040,,21040,100,5,0.335218179878374,0.4402970814171242,0.4158666846944294,0.7537612902403914,34562,43935,24606,4305514
pysteps_patch_cnn,pySTEPS + CNN,0,21040,,21040,100,10,0.1295784381478922,0.1439156875479719,0.4346515133944102,0.2545610202515203,4875,28999,3748,4370995
pysteps_patch_cnn,pySTEPS + CNN,0,21040,,21040,100,20,0.0022641509433962,0.0022670840980243,0.3636363636363636,0.0035625607254669,21,9242,12,4399342
pysteps_patch_cnn,pySTEPS + CNN,0,21040,,21040,110,1,0.4714225178671475,0.7051164254783356,0.4128126106978392,1.200837140450729,165763,69323,116537,4056984
pysteps_patch_cnn,pySTEPS + CNN,0,21040,,21040,110,5,0.3061301642077509,0.4023211078130374,0.4385200725384916,0.716536937717365,31581,46916,24665,4305445
pysteps_patch_cnn,pySTEPS + CNN,0,21040,,21040,110,10,0.1085298196948682,0.1201216272067072,0.4706647586834916,0.2269292082423097,4069,29805,3618,4371115
pysteps_patch_cnn,pySTEPS + CNN,0,21040,,21040,110,20,0.0009696186166774,0.0009716074705818,0.6785714285714286,0.0030227787973658,9,9254,19,4399325
pysteps_patch_cnn,pySTEPS + CNN,0,21040,,21040,120,1,0.4538087886858816,0.6827458887385893,0.4249229666786098,1.187225100601482,160504,74582,118596,4054915
pysteps_patch_cnn,pySTEPS + CNN,0,21040,,21040,120,5,0.2800240289122073,0.3681796756563945,0.4609329826721131,0.682994254557499,28901,49596,24712,4305388
pysteps_patch_cnn,pySTEPS + CNN,0,21040,,21040,120,10,0.0891187267222207,0.0981874003660624,0.5089325262069984,0.1999468618999823,3326,30548,3447,4371276
pysteps_patch_cnn,pySTEPS + CNN,0,21040,,21040,120,20,0.000646830530401,0.0006477383137212,0.6842105263157895,0.0020511713267839,6,9257,13,4399321
pysteps_patch_cnn,pySTEPS + CNN,0,21040,,21040,130,1,0.4374394829876827,0.6610772228035697,0.4360948634958417,1.172319916966557,155410,79676,120186,4053316
pysteps_patch_cnn,pySTEPS + CNN,0,21040,,21040,130,5,0.2549205734211546,0.3352739595143763,0.4845772703237304,0.6504834579665465,26318,52179,24743,4305348
pysteps_patch_cnn,pySTEPS + CNN,0,21040,,21040,130,10,0.0739974196322976,0.0812717718604239,0.5474272562880158,0.1795772568931924,2753,31121,3330,4371384
pysteps_patch_cnn,pySTEPS + CNN,0,21040,,21040,130,20,0.0005392579810181,0.000539781928101,0.6428571428571429,0.0015113893986829,5,9258,9,4399316
pysteps_patch_cnn,pySTEPS + CNN,0,21040,,21040,140,1,0.4220452710883896,0.6405272963936602,0.4469639374607477,1.158201679385416,150579,84507,121698,4051796
pysteps_patch_cnn,pySTEPS + CNN,0,21040,,21040,140,5,0.2344306697603075,0.3076295909397811,0.5037198405195445,0.6198708230887805,24148,54349,24510,4305573
pysteps_patch_cnn,pySTEPS + CNN,0,21040,,21040,140,10,0.0606199708376086,0.0662750191887583,0.5846438482886216,0.1595619058865206,2245,31629,3160,4371546
pysteps_patch_cnn,pySTEPS + CNN,0,21040,,21040,140,20,0.0007550426059756,0.0007556946993414,0.5333333333333333,0.0016193457843031,7,9256,8,4399309
pysteps_patch_cnn,pySTEPS + CNN,0,21040,,21040,150,1,0.4080880093417737,0.62138961911811,0.4568628325822811,1.14407493427937,146080,89006,122876,4050610
pysteps_patch_cnn,pySTEPS + CNN,0,21040,,21040,150,5,0.2146376543989737,0.2813610711237372,0.524909654104285,0.5922264545141852,22086,56411,24402,4305673
pysteps_patch_cnn,pySTEPS + CNN,0,21040,,21040,150,10,0.0504746406292378,0.0549388911849796,0.6168416718138768,0.1433843065477947,1861,32013,2996,4371702
pysteps_patch_cnn,pySTEPS + CNN,0,21040,,21040,150,20,0.0004315460135936,0.0004318255424808,0.6,0.001079563856202,4,9259,6,4399303
pysteps_patch_cnn,pySTEPS + CNN,0,21040,,21040,160,1,0.394718810061001,0.6027921696740767,0.4665251174557282,1.129935427885965,141708,93378,123924,4049554
pysteps_patch_cnn,pySTEPS + CNN,0,21040,,21040,160,5,0.1961521235370864,0.2566467508312419,0.545800924360275,0.5650534415327975,20146,58351,24209,4305858
pysteps_patch_cnn,pySTEPS + CNN,0,21040,,21040,160,10,0.0425705875940259,0.046112062348704,0.64337899543379,0.1293027100431009,1562,32312,2818,4371872
pysteps_patch_cnn,pySTEPS + CNN,0,21040,,21040,160,20,0.0001079563856202,0.0001079563856202,0,0.0001079563856202,1,9262,0,4399301
pysteps_patch_cnn,pySTEPS + CNN,0,21040,,21040,170,1,0.3818400130886785,0.5857345822379895,0.4768889446071671,1.119713636711672,137698,97388,125531,4047939
pysteps_patch_cnn,pySTEPS + CNN,0,21040,,21040,170,5,0.179942615111354,0.2348879575015605,0.5652132902586837,0.5402372065174466,18438,60059,23969,4306090
pysteps_patch_cnn,pySTEPS + CNN,0,21040,,21040,170,10,0.0367077874121283,0.0396174056798724,0.6667494412714179,0.1188817382062939,1342,32532,2685,4371997
pysteps_patch_cnn,pySTEPS + CNN,0,21040,,21040,170,20,0,0,,0,0,9263,0,4399293
pysteps_patch_cnn,pySTEPS + CNN,0,21040,,21040,180,1,0.3704340186161909,0.5703274546336234,0.4861669470707039,1.109946998119837,134076,101010,126857,4046605
pysteps_patch_cnn,pySTEPS + CNN,0,21040,,21040,180,5,0.1654315669939599,0.2152821126922048,0.5832860700811284,0.5166184694956495,16899,61598,23654,4306397
pysteps_patch_cnn,pySTEPS + CNN,0,21040,,21040,180,10,0.0314648770559436,0.033772214677924,0.6846747519294377,0.1071027927023676,1144,32730,2484,4372190
pysteps_patch_cnn,pySTEPS + CNN,0,21040,,21040,180,20,0,0,1,0.0001079563856202,0,9263,1,4399284
pysteps_patch_cnn,pySTEPS + CNN,1,21041,,21041,60,1,0.597802288463125,0.8013875773121326,0.2982250284032706,1.141943799290472,188395,46691,80060,4093508
pysteps_patch_cnn,pySTEPS + CNN,1,21041,,21041,60,5,0.4773312356979405,0.5952456781787839,0.2932875552060016,0.8422742270405238,46725,31772,19391,4310766
pysteps_patch_cnn,pySTEPS + CNN,1,21041,,21041,60,10,0.2982386438882267,0.3324083367774694,0.2563238887788125,0.4469799846489933,11260,22614,3881,4370899
pysteps_patch_cnn,pySTEPS + CNN,1,21041,,21041,60,20,0.0237068965517241,0.023750404836446,0.0717299578059071,0.0255856633919896,220,9043,17,4399374
pysteps_patch_cnn,pySTEPS + CNN,1,21041,,21041,70,1,0.5702847949720338,0.7750440264413874,0.3165947136068174,1.134091353802438,182202,52884,84407,4089151
pysteps_patch_cnn,pySTEPS + CNN,1,21041,,21041,70,5,0.4353188535557277,0.5512567359262137,0.3257502570974477,0.8175853854287425,43272,35225,20906,4309241
pysteps_patch_cnn,pySTEPS + CNN,1,21041,,21041,70,10,0.2497181658495661,0.2811891125937297,0.3094823836450631,0.4072149731357383,9525,24349,4269,4370501
pysteps_patch_cnn,pySTEPS + CNN,1,21041,,21041,70,20,0.0176457929847213,0.0177048472417143,0.1589743589743589,0.0210514951959408,164,9099,31,4399350
pysteps_patch_cnn,pySTEPS + CNN,1,21041,,21041,80,1,0.5432035914287037,0.7488961486434752,0.3358269766178501,1.127561828437253,176055,59031,89019,4084530
pysteps_patch_cnn,pySTEPS + CNN,1,21041,,21041,80,5,0.3968881672659899,0.5075862771825674,0.354627619942337,0.786501394957769,39844,38653,21894,4308244
pysteps_patch_cnn,pySTEPS + CNN,1,21041,,21041,80,10,0.2131737463819134,0.2413355375804451,0.3537549407114624,0.3734427584578143,8175,25699,4475,4370286
pysteps_patch_cnn,pySTEPS + CNN,1,21041,,21041,80,20,0.0108637194794019,0.0109035949476411,0.2518518518518518,0.0145741120587282,101,9162,34,4399338
pysteps_patch_cnn,pySTEPS + CNN,1,21041,,21041,90,1,0.5191445873182935,0.7238755178955787,0.352663932867218,1.118237581140519,170173,64913,92709,4080831
pysteps_patch_cnn,pySTEPS + CNN,1,21041,,21041,90,5,0.3635413173416448,0.4695466068766959,0.3830987329907778,0.761137368307069,36858,41639,22889,4307240
pysteps_patch_cnn,pySTEPS + CNN,1,21041,,21041,90,10,0.1804151835589389,0.204994981401665,0.3992559910026819,0.341235165613745,6944,26930,4615,4370137
pysteps_patch_cnn,pySTEPS + CNN,1,21041,,21041,90,20,0.0065591397849462,0.0065853395228327,0.3775510204081632,0.0105797257907805,61,9202,37,4399326
pysteps_patch_cnn,pySTEPS + CNN,1,21041,,21041,100,1,0.4961531617662582,0.699786461124865,0.3696814115212935,1.110210731391916,164510,70576,96485,4077046
pysteps_patch_cnn,pySTEPS + CNN,1,21041,,21041,100,5,0.3330691480513889,0.433647145750793,0.4105015239678581,0.7356204695720856,34040,44457,23704,4306416
pysteps_patch_cnn,pySTEPS + CNN,1,21041,,21041,100,10,0.1546311645254869,0.1762413650587471,0.4422645739910314,0.3159945681053315,5970,27904,4734,4370009
pysteps_patch_cnn,pySTEPS + CNN,1,21041,,21041,100,20,0.0044048130640309,0.0044262118104285,0.5232558139534884,0.009284249163338,41,9222,45,4399309
pysteps_patch_cnn,pySTEPS + CNN,1,21041,,21041,110,1,0.474573385974448,0.6759611376262304,0.385666624141277,1.100316479926495,158909,76177,99760,4073761
pysteps_patch_cnn,pySTEPS + CNN,1,21041,,21041,110,5,0.3078164809304315,0.4032510796590952,0.4346591416477648,0.7132884059263411,31654,46843,24337,4305773
pysteps_patch_cnn,pySTEPS + CNN,1,21041,,21041,110,10,0.1329883570504527,0.1517387967172462,0.481645824929407,0.2927318887642439,5140,28734,4776,4369957
pysteps_patch_cnn,pySTEPS + CNN,1,21041,,21041,110,20,0.0032240730789897,0.0032386915686062,0.5833333333333334,0.007772859764655,30,9233,42,4399302
pysteps_patch_cnn,pySTEPS + CNN,1,21041,,21041,120,1,0.4559698532328441,0.6552197919059408,0.4000919142704694,1.092200301166382,154033,81053,102728,4070783
pysteps_patch_cnn,pySTEPS + CNN,1,21041,,21041,120,5,0.2815394273021391,0.3713772500859905,0.462140221402214,0.6904722473470324,29152,49345,25048,4305052
pysteps_patch_cnn,pySTEPS + CNN,1,21041,,21041,120,10,0.1142384105960264,0.1303654720434551,0.5198956294846706,0.2715356910905119,4416,29458,4782,4369941
pysteps_patch_cnn,pySTEPS + CNN,1,21041,,21041,120,20,0.0020443296750591,0.0020511713267839,0.62,0.0053978192810104,19,9244,31,4399303
pysteps_patch_cnn,pySTEPS + CNN,1,21041,,21041,130,1,0.4390803786883463,0.6354568115498158,0.4130822542117173,1.082701649609079,149387,85699,105141,4068361
pysteps_patch_cnn,pySTEPS + CNN,1,21041,,21041,130,5,0.2599403053830724,0.3450450335681618,0.4868807426352183,0.6724460807419392,27085,51412,25700,4304391
pysteps_patch_cnn,pySTEPS + CNN,1,21041,,21041,130,10,0.0992528245301067,0.1133317588711105,0.5558769088385007,0.2551809647517269,3839,30035,4805,4369909
pysteps_patch_cnn,pySTEPS + CNN,1,21041,,21041,130,20,0.0017211703958691,0.0017273021699233,0.673469387755102,0.0052898628953902,16,9247,33,4399292
pysteps_patch_cnn,pySTEPS + CNN,1,21041,,21041,140,1,0.422348694683686,0.6161915214006789,0.4268814736858763,1.075155475017653,144858,90228,107896,4065598
pysteps_patch_cnn,pySTEPS + CNN,1,21041,,21041,140,5,0.2403703880483031,0.32077659018816,0.5104786344725689,0.655286189281119,25180,53317,26258,4303825
pysteps_patch_cnn,pySTEPS + CNN,1,21041,,21041,140,10,0.0859407269723254,0.0982759638660919,0.5935783176657307,0.2418078762472693,3329,30545,4862,4369844
pysteps_patch_cnn,pySTEPS + CNN,1,21041,,21041,140,20,0.0008612337173,0.0008636510849616,0.7647058823529411,0.0036705171110871,8,9255,26,4399291
pysteps_patch_cnn,pySTEPS + CNN,1,21041,,21041,150,1,0.4076642124181112,0.5982321363245791,0.4386460703308985,1.065695107322427,140636,94450,109894,4063592
pysteps_patch_cnn,pySTEPS + CNN,1,21041,,21041,150,5,0.2228426010331206,0.2989668394970508,0.5332816259968578,0.6405722511688344,23468,55029,26815,4303260
pysteps_patch_cnn,pySTEPS + CNN,1,21041,,21041,150,10,0.072821678592648,0.0832201688610733,0.6317920585161965,0.226014052075338,2819,31055,4837,4369861
pysteps_patch_cnn,pySTEPS + CNN,1,21041,,21041,150,20,0.0003231365790607,0.0003238691568606,0.875,0.002590953254885,3,9260,21,4399288
pysteps_patch_cnn,pySTEPS + CNN,1,21041,,21041,160,1,0.3939814188751773,0.5824719464366231,0.4509627027850618,1.060896863275567,136931,98155,112471,4061007
pysteps_patch_cnn,pySTEPS + CNN,1,21041,,21041,160,5,0.2063538630427376,0.2777813164834324,0.554781934008494,0.6239219333222926,21805,56692,27171,4302896
pysteps_patch_cnn,pySTEPS + CNN,1,21041,,21041,160,10,0.0639042214102464,0.0727991970242664,0.6565937891658543,0.2119914979039971,2466,31408,4715,4369975
pysteps_patch_cnn,pySTEPS + CNN,1,21041,,21041,160,20,0.0001077818495365,0.0001079563856202,0.9375,0.0017273021699233,1,9262,15,4399286
pysteps_patch_cnn,pySTEPS + CNN,1,21041,,21041,170,1,0.3808931761343337,0.56687765328433,0.462758109121401,1.055162791489072,133265,101821,114789,4058681
pysteps_patch_cnn,pySTEPS + CNN,1,21041,,21041,170,5,0.1922920969004309,0.2597806285590532,0.5746527053523007,0.6107494553931997,20392,58105,27550,4302509
pysteps_patch_cnn,pySTEPS + CNN,1,21041,,21041,170,10,0.056480904939809,0.0642675798547558,0.6820505330801812,0.2021314282340438,2177,31697,4670,4370012
pysteps_patch_cnn,pySTEPS + CNN,1,21041,,21041,170,20,0,0,1,0.0014034330130627,0,9263,13,4399280
pysteps_patch_cnn,pySTEPS + CNN,1,21041,,21041,180,1,0.3686108261849219,0.5518406030133653,0.473897650727735,1.048922521970683,129730,105356,116857,4056605
pysteps_patch_cnn,pySTEPS + CNN,1,21041,,21041,180,5,0.1792513971727798,0.2431175713721543,0.5944061888973902,0.5994114424755086,19084,59413,27968,4302083
pysteps_patch_cnn,pySTEPS + CNN,1,21041,,21041,180,10,0.0509113601497698,0.0578024443526008,0.7007488919455908,0.1931569935643856,1958,31916,4585,4370089
pysteps_patch_cnn,pySTEPS + CNN,1,21041,,21041,180,20,0.0001077702338614,0.0001079563856202,0.9411764705882352,0.0018352585555435,1,9262,16,4399269
pysteps_patch_cnn,pySTEPS + CNN,2,21042,,21042,60,1,0.6034190058825851,0.7801740639595722,0.2729694375074325,1.073096653990455,183408,51678,68862,4104706
pysteps_patch_cnn,pySTEPS + CNN,2,21042,,21042,60,5,0.4774324843475823,0.5857803482935654,0.2792338077622421,0.8127189574123852,45982,32515,17814,4312343
pysteps_patch_cnn,pySTEPS + CNN,2,21042,,21042,60,10,0.2714800065462877,0.2938241719312747,0.2188211286398242,0.3761291846253764,9953,23921,2788,4371992
pysteps_patch_cnn,pySTEPS + CNN,2,21042,,21042,60,20,0.0045336787564766,0.0045341681960487,0.0232558139534883,0.004642124581669,42,9221,1,4399390
pysteps_patch_cnn,pySTEPS + CNN,2,21042,,21042,70,1,0.5736815176067512,0.7535710335792009,0.2938414318172759,1.067141386556409,177154,57932,73716,4099842
pysteps_patch_cnn,pySTEPS + CNN,2,21042,,21042,70,5,0.4326204850097206,0.5386193102921131,0.312665615398371,0.7836350433774539,42280,36217,19233,4310914
pysteps_patch_cnn,pySTEPS + CNN,2,21042,,21042,70,10,0.2285111333567814,0.2493357737497785,0.2676666955692361,0.3404676152801558,8446,25428,3087,4371683
pysteps_patch_cnn,pySTEPS + CNN,2,21042,,21042,70,20,0.0024827288428324,0.0024829968692648,0.0416666666666666,0.002590953254885,23,9240,1,4399380
pysteps_patch_cnn,pySTEPS + CNN,2,21042,,21042,80,1,0.5457463065109409,0.7276826352909148,0.3141890402062228,1.061054252486324,171068,64018,78371,4095178
pysteps_patch_cnn,pySTEPS + CNN,2,21042,,21042,80,5,0.3938650306748466,0.4948087188045403,0.3412201699486084,0.7510987681057875,38841,39656,20118,4310020
pysteps_patch_cnn,pySTEPS + CNN,2,21042,,21042,80,10,0.1928792153701464,0.2119029344039676,0.3176157429413442,0.3105331522701777,7178,26696,3341,4371420
pysteps_patch_cnn,pySTEPS + CNN,2,21042,,21042,80,20,0.0015112262521588,0.0015113893986829,0.0666666666666666,0.0016193457843031,14,9249,1,4399371
pysteps_patch_cnn,pySTEPS + CNN,2,21042,,21042,90,1,0.52078904185525,0.7033596215852922,0.3326283585523262,1.053924946615281,165350,69736,82413,4091127
pysteps_patch_cnn,pySTEPS + CNN,2,21042,,21042,90,5,0.3603553860054211,0.457278622112947,0.3703515296098793,0.7262443150693657,35895,42602,21113,4309016
pysteps_patch_cnn,pySTEPS + CNN,2,21042,,21042,90,10,0.1620871051296429,0.1791934817263978,0.3706583722135821,0.2847316525949105,6070,27804,3575,4371177
pysteps_patch_cnn,pySTEPS + CNN,2,21042,,21042,90,20,0.0010794473229706,0.001079563856202,0.0909090909090909,0.0011875202418223,10,9253,1,4399362
pysteps_patch_cnn,pySTEPS + CNN,2,21042,,21042,100,1,0.4978303329730201,0.6798022851211897,0.3496783224751061,1.045332346460444,159812,75274,85931,4087600
pysteps_patch_cnn,pySTEPS + CNN,2,21042,,21042,100,5,0.330032215726047,0.4228441851280941,0.3994246114317766,0.7040651235079047,33192,45305,22075,4308045
pysteps_patch_cnn,pySTEPS + CNN,2,21042,,21042,100,10,0.1380550302320006,0.153008206884336,0.4144826028016267,0.2613213674204404,5183,28691,3669,4371074
pysteps_patch_cnn,pySTEPS + CNN,2,21042,,21042,100,20,0.0003238341968911,0.0003238691568606,0.25,0.0004318255424808,3,9260,1,4399353
pysteps_patch_cnn,pySTEPS + CNN,2,21042,,21042,110,1,0.4769759768094489,0.6579251848259786,0.3657285331736743,1.037292735424483,154669,80417,89184,4084337
pysteps_patch_cnn,pySTEPS + CNN,2,21042,,21042,110,5,0.304377077726769,0.3919130667414041,0.4232362811451283,0.679503675299693,30764,47733,22575,4307535
pysteps_patch_cnn,pySTEPS + CNN,2,21042,,21042,110,10,0.1174846707190826,0.1306606837102202,0.4618844984802431,0.2428115959142705,4426,29448,3799,4370934
pysteps_patch_cnn,pySTEPS + CNN,2,21042,,21042,110,20,0,0,1,0.0002159127712404,0,9263,2,4399342
pysteps_patch_cnn,pySTEPS + CNN,2,21042,,21042,120,1,0.458044127400371,0.6374986175272028,0.3806380956316899,1.029282900725692,149867,85219,92103,4081408
pysteps_patch_cnn,pySTEPS + CNN,2,21042,,21042,120,5,0.2785526522284997,0.3617845267972024,0.452327689281444,0.6605857548696129,28399,50098,23455,4306645
pysteps_patch_cnn,pySTEPS + CNN,2,21042,,21042,120,10,0.0995251863444653,0.1107634173702544,0.5048172099775636,0.2236818799078939,3752,30122,3825,4370898
pysteps_patch_cnn,pySTEPS + CNN,2,21042,,21042,120,20,0.0002158195748354,0.0002159127712404,0.6666666666666666,0.0006477383137212,2,9261,4,4399330
pysteps_patch_cnn,pySTEPS + CNN,2,21042,,21042,130,1,0.4409698631466563,0.6184375079758045,0.3942149035817263,1.020885973643688,145386,89700,94610,4078892
pysteps_patch_cnn,pySTEPS + CNN,2,21042,,21042,130,5,0.2560498619821894,0.3344204237104602,0.4778725858742566,0.6404958151266927,26251,52246,24026,4306065
pysteps_patch_cnn,pySTEPS + CNN,2,21042,,21042,130,10,0.0850493578176414,0.0946153391982051,0.5431218816821097,0.207090984235697,3205,30669,3810,4370904
pysteps_patch_cnn,pySTEPS + CNN,2,21042,,21042,130,20,0,0,1,0.0001079563856202,0,9263,1,4399324
pysteps_patch_cnn,pySTEPS + CNN,2,21042,,21042,140,1,0.4244333516875332,0.6000357316046043,0.4081141979582331,1.013769429060004,141060,94026,97263,4076231
pysteps_patch_cnn,pySTEPS + CNN,2,21042,,21042,140,5,0.2369123024841647,0.3111456488783011,0.5017543859649123,0.6244824642979987,24424,54073,24596,4305487
pysteps_patch_cnn,pySTEPS + CNN,2,21042,,21042,140,10,0.0714664685908319,0.07953002302651,0.5865561694290976,0.1923599220641199,2694,31180,3822,4370884
pysteps_patch_cnn,pySTEPS + CNN,2,21042,,21042,140,20,0.0001079563856202,0.0001079563856202,0,0.0001079563856202,1,9262,0,4399317
pysteps_patch_cnn,pySTEPS + CNN,2,21042,,21042,150,1,0.4098587127158555,0.5830504581302162,0.4202050709372859,1.005614966437814,137067,98019,99339,4074147
pysteps_patch_cnn,pySTEPS + CNN,2,21042,,21042,150,5,0.2198642503355121,0.2901002586086093,0.5240762414311988,0.6095519573996458,22772,55725,25076,4304999
pysteps_patch_cnn,pySTEPS + CNN,2,21042,,21042,150,10,0.0632817271689194,0.0703489401901163,0.6135257865715212,0.1820275137273425,2383,31491,3783,4370915
pysteps_patch_cnn,pySTEPS + CNN,2,21042,,21042,150,20,0.0001079330814894,0.0001079563856202,0.6666666666666666,0.0003238691568606,1,9262,2,4399307
pysteps_patch_cnn,pySTEPS + CNN,2,21042,,21042,160,1,0.3959225843227019,0.5672775069549016,0.4327659248672927,1.000076567724152,133359,101727,101745,4071733
pysteps_patch_cnn,pySTEPS + CNN,2,21042,,21042,160,5,0.2030810435854946,0.2685325553842822,0.5454957091724525,0.5908251270749201,21079,57418,25299,4304768
pysteps_patch_cnn,pySTEPS + CNN,2,21042,,21042,160,10,0.0547476248606761,0.060902166853634,0.6486118208141713,0.1733187695577729,2063,31811,3808,4370882
pysteps_patch_cnn,pySTEPS + CNN,2,21042,,21042,160,20,0,0,1,0.0002159127712404,0,9263,2,4399299
pysteps_patch_cnn,pySTEPS + CNN,2,21042,,21042,170,1,0.3827990022937808,0.5522957555958246,0.4449726198974902,0.9950783968420068,129837,105249,104092,4069378
pysteps_patch_cnn,pySTEPS + CNN,2,21042,,21042,170,5,0.1886450573786994,0.2506720002038294,0.5674148657858289,0.579474374816872,19677,58820,25810,4304249
pysteps_patch_cnn,pySTEPS + CNN,2,21042,,21042,170,10,0.0483366052952724,0.0537875656845958,0.6770648706132577,0.1665584223888528,1822,32052,3820,4370862
pysteps_patch_cnn,pySTEPS + CNN,2,21042,,21042,170,20,0,0,1,0.0001079563856202,0,9263,1,4399292
pysteps_patch_cnn,pySTEPS + CNN,2,21042,,21042,180,1,0.3705633010095798,0.5377223654322248,0.4561961997272614,0.9888168585113531,126411,108675,106046,4067416
pysteps_patch_cnn,pySTEPS + CNN,2,21042,,21042,180,5,0.1763530884728235,0.2350663082665579,0.5861481182433947,0.5679962291552544,18452,60045,26134,4303917
pysteps_patch_cnn,pySTEPS + CNN,2,21042,,21042,180,10,0.0436097405697915,0.0485327980161775,0.6993416239941478,0.1614217393871405,1644,32230,3824,4370850
pysteps_patch_cnn,pySTEPS + CNN,2,21042,,21042,180,20,0,0,1,0.0001079563856202,0,9263,1,4399284
exprecast_patch_cnn,exPreCast + CNN,0,21040,6455,21040,60,1,0.5792878971889712,0.8055094731289826,0.3265118131799736,1.19602613511651,189364,45722,91805,4081763
exprecast_patch_cnn,exPreCast + CNN,0,21040,6455,21040,60,5,0.4713524683882005,0.7089952482260469,0.4155833245825895,1.21316738219295,55654,22843,39576,4290581
exprecast_patch_cnn,exPreCast + CNN,0,21040,6455,21040,60,10,0.3839891176351159,0.558333825352778,0.4484880296270376,1.012369368837456,18913,14961,15380,4359400
exprecast_patch_cnn,exPreCast + CNN,0,21040,6455,21040,60,20,0.102548036758563,0.1060131706790456,0.2416988416988417,0.1398035193781712,982,8281,313,4399078
exprecast_patch_cnn,exPreCast + CNN,0,21040,6455,21040,70,1,0.5654010376015793,0.7857762691100278,0.3315638637399857,1.175544268905847,184725,50361,91629,4081929
exprecast_patch_cnn,exPreCast + CNN,0,21040,6455,21040,70,5,0.4500908065862748,0.6661655859459598,0.4188227971903618,1.146234887957502,52292,26205,37684,4292463
exprecast_patch_cnn,exPreCast + CNN,0,21040,6455,21040,70,10,0.3480065059638002,0.4926787506642262,0.4576386857755679,0.9083958198027986,16689,17185,14082,4360688
exprecast_patch_cnn,exPreCast + CNN,0,21040,6455,21040,70,20,0.0697527617043661,0.0715750836661988,0.2674033149171271,0.0977005289862895,663,8600,242,4399139
exprecast_patch_cnn,exPreCast + CNN,0,21040,6455,21040,80,1,0.5517931338783414,0.7660217962788086,0.3363540211755254,1.154262695354041,180081,55005,91270,4082279
exprecast_patch_cnn,exPreCast + CNN,0,21040,6455,21040,80,5,0.4303668628579015,0.6194504248570009,0.4149531360918267,1.05880479508771,48625,29872,34488,4295650
exprecast_patch_cnn,exPreCast + CNN,0,21040,6455,21040,80,10,0.3108233117483811,0.4166027041388676,0.449609984399376,0.7569227135856409,14112,19762,11528,4363233
exprecast_patch_cnn,exPreCast + CNN,0,21040,6455,21040,80,20,0.0464206407951781,0.0473928532872719,0.306477093206951,0.0683363920975925,439,8824,194,4399178
exprecast_patch_cnn,exPreCast + CNN,0,21040,6455,21040,90,1,0.5380498185770932,0.7474668844593042,0.3424133104805814,1.136681895136248,175719,59367,91499,4082041
exprecast_patch_cnn,exPreCast + CNN,0,21040,6455,21040,90,5,0.4085344654065033,0.5688370256188134,0.4082143851139119,0.961221447953425,44652,33845,30801,4299328
exprecast_patch_cnn,exPreCast + CNN,0,21040,6455,21040,90,10,0.2690798486150131,0.3421208006140402,0.4424076212471131,0.6135679282045227,11589,22285,9195,4365557
exprecast_patch_cnn,exPreCast + CNN,0,21040,6455,21040,90,20,0.0276360544217687,0.0280686602612544,0.3580246913580246,0.0437223361761848,260,9003,145,4399218
exprecast_patch_cnn,exPreCast + CNN,0,21040,6455,21040,100,1,0.5237866674819243,0.7287886135286661,0.349396400809609,1.120173043056583,171328,63758,92009,4081522
exprecast_patch_cnn,exPreCast + CNN,0,21040,6455,21040,100,5,0.3839993295028077,0.5253066996190937,0.4119450663852483,0.8932952851701339,41235,37262,28886,4301234
exprecast_patch_cnn,exPreCast + CNN,0,21040,6455,21040,100,10,0.2330335631306505,0.2883922772627974,0.4516726537943422,0.5259491055086497,9769,24105,8047,4366696
exprecast_patch_cnn,exPreCast + CNN,0,21040,6455,21040,100,20,0.0195095948827292,0.0197560185684983,0.39,0.0323869156860628,183,9080,117,4399237
exprecast_patch_cnn,exPreCast + CNN,0,21040,6455,21040,110,1,0.5102274387571227,0.7130326774031631,0.3579248159469253,1.110512748526071,167624,67462,93442,4080079
exprecast_patch_cnn,exPreCast + CNN,0,21040,6455,21040,110,5,0.3639872885316385,0.4961081315209498,0.4225191292484726,0.8590901563117062,38943,39554,28493,4301617
exprecast_patch_cnn,exPreCast + CNN,0,21040,6455,21040,110,10,0.2083663520879859,0.2561551632520517,0.4723945032226681,0.485505107161835,8677,25197,7769,4366964
exprecast_patch_cnn,exPreCast + CNN,0,21040,6455,21040,110,20,0.0144153764014949,0.0145741120587282,0.430379746835443,0.0255856633919896,135,9128,102,4399242
exprecast_patch_cnn,exPreCast + CNN,0,21040,6455,21040,120,1,0.49635369878013,0.6980381647567273,0.3679310690157228,1.104370315544099,164099,70987,95523,4077988
exprecast_patch_cnn,exPreCast + CNN,0,21040,6455,21040,120,5,0.3451853513543828,0.4704638393823968,0.4354851037160458,0.8333949068117252,36930,41567,28489,4301611
exprecast_patch_cnn,exPreCast + CNN,0,21040,6455,21040,120,10,0.1880758284694419,0.230206057743402,0.4931756141947225,0.4542126704847375,7798,26076,7588,4367135
exprecast_patch_cnn,exPreCast + CNN,0,21040,6455,21040,120,20,0.0111241844047491,0.0112274641045017,0.4526315789473684,0.0205117132678397,104,9159,86,4399248
exprecast_patch_cnn,exPreCast + CNN,0,21040,6455,21040,130,1,0.4835374606304521,0.6863658405859984,0.3793226806582399,1.105833609827893,161355,73731,98611,4074891
exprecast_patch_cnn,exPreCast + CNN,0,21040,6455,21040,130,5,0.3274577605352675,0.4451635094334815,0.4467384420519316,0.804616736945361,34944,43553,28216,4301875
exprecast_patch_cnn,exPreCast + CNN,0,21040,6455,21040,130,10,0.1678323376560299,0.2040207829013402,0.5138234259584945,0.4196433843065478,6911,26963,7304,4367410
exprecast_patch_cnn,exPreCast + CNN,0,21040,6455,21040,130,20,0.0081483864050605,0.0082046853071359,0.4571428571428571,0.0151138939868293,76,9187,64,4399261
exprecast_patch_cnn,exPreCast + CNN,0,21040,6455,21040,140,1,0.4718686063327186,0.6759483763388717,0.3901810967115539,1.108441166211514,158906,76180,101673,4071821
exprecast_patch_cnn,exPreCast + CNN,0,21040,6455,21040,140,5,0.3106978139412801,0.4222326967909601,0.4595176361234773,0.7812145687096322,33144,45353,28179,4301904
exprecast_patch_cnn,exPreCast + CNN,0,21040,6455,21040,140,10,0.151461145968116,0.1831493180610497,0.5332179670453691,0.3923658262974552,6204,27670,7087,4367619
exprecast_patch_cnn,exPreCast + CNN,0,21040,6455,21040,140,20,0.0054697554697554,0.0055057756666306,0.5446428571428571,0.0120911151894634,51,9212,61,4399256
exprecast_patch_cnn,exPreCast + CNN,0,21040,6455,21040,150,1,0.4606457008737546,0.6653777766434411,0.4004653052463741,1.109823639008703,156421,78665,104483,4069003
exprecast_patch_cnn,exPreCast + CNN,0,21040,6455,21040,150,5,0.2975136761742005,0.4080792896543816,0.4766277264929335,0.7797113265475114,32033,46464,29172,4300903
exprecast_patch_cnn,exPreCast + CNN,0,21040,6455,21040,150,10,0.141505763338359,0.1717836688905945,0.5546797275579705,0.3857530849619177,5819,28055,7248,4367450
exprecast_patch_cnn,exPreCast + CNN,0,21040,6455,21040,150,20,0.0041845493562231,0.0042102990391881,0.59375,0.0103638130195401,39,9224,57,4399252
exprecast_patch_cnn,exPreCast + CNN,0,21040,6455,21040,160,1,0.4496671837663679,0.6571977914465345,0.412543964714158,1.118718256297695,154498,80588,108497,4064981
exprecast_patch_cnn,exPreCast + CNN,0,21040,6455,21040,160,5,0.2851457538850774,0.393403569563168,0.491109536443485,0.7730613908811802,30881,47616,29802,4300265
exprecast_patch_cnn,exPreCast + CNN,0,21040,6455,21040,160,10,0.1324897384208097,0.161037964220346,0.5722910459463698,0.376512959792171,5455,28419,7299,4367391
exprecast_patch_cnn,exPreCast + CNN,0,21040,6455,21040,160,20,0.0036504187245007,0.0036705171110871,0.6,0.0091762927777178,34,9229,51,4399250
exprecast_patch_cnn,exPreCast + CNN,0,21040,6455,21040,170,1,0.4397183992613751,0.6482819053452779,0.4225140769819557,1.122593433892278,152402,82684,111504,4061966
exprecast_patch_cnn,exPreCast + CNN,0,21040,6455,21040,170,5,0.2730012294437922,0.3762309387619909,0.5012581271637254,0.7543600392371683,29533,48964,29682,4300377
exprecast_patch_cnn,exPreCast + CNN,0,21040,6455,21040,170,10,0.1212771666219479,0.1467792407155931,0.5889210417527904,0.3570585109523528,4972,28902,7123,4367559
exprecast_patch_cnn,exPreCast + CNN,0,21040,6455,21040,170,20,0.0030065499838934,0.0030227787973658,0.6410256410256411,0.0084205980783763,28,9235,50,4399243
exprecast_patch_cnn,exPreCast + CNN,0,21040,6455,21040,180,1,0.4306989042250855,0.6388555677496746,0.4306888094525081,1.12215529635963,150186,84900,113617,4059845
exprecast_patch_cnn,exPreCast + CNN,0,21040,6455,21040,180,5,0.2618777183699476,0.3612749531829242,0.5123381424862002,0.7408308597780807,28359,50138,29794,4300257
exprecast_patch_cnn,exPreCast + CNN,0,21040,6455,21040,180,10,0.1096437496937325,0.132107220877369,0.6079719667104687,0.336984117612328,4475,29399,6940,4367734
exprecast_patch_cnn,exPreCast + CNN,0,21040,6455,21040,180,20,0.002147766323024,0.0021591277124041,0.7101449275362319,0.0074489906077944,20,9243,49,4399236
exprecast_patch_cnn,exPreCast + CNN,1,21041,6455,21041,60,1,0.5786404085575595,0.8179006831542499,0.3357894445941371,1.231387662387382,192277,42809,97205,4076363
exprecast_patch_cnn,exPreCast + CNN,1,21041,6455,21041,60,5,0.4797445854989933,0.7255054333286622,0.4138655029744139,1.23777978776259,56950,21547,40212,4289945
exprecast_patch_cnn,exPreCast + CNN,1,21041,6455,21041,60,10,0.387517846216602,0.560902166853634,0.4437287738611079,1.008324969002775,19000,14874,15156,4359624
exprecast_patch_cnn,exPreCast + CNN,1,21041,6455,21041,60,20,0.1364275668073136,0.1466047716722444,0.3372376769155685,0.2212026341358091,1358,7905,691,4398700
exprecast_patch_cnn,exPreCast + CNN,1,21041,6455,21041,70,1,0.5678701337003539,0.7862824668419217,0.3284797756319433,1.170899160307292,184844,50242,90418,4083140
exprecast_patch_cnn,exPreCast + CNN,1,21041,6455,21041,70,5,0.4524373949398733,0.6686242786348523,0.4167879723978531,1.14645145674357,52485,26012,37508,4292639
exprecast_patch_cnn,exPreCast + CNN,1,21041,6455,21041,70,10,0.3498677795223535,0.499940957666647,0.4617829334180836,0.9288835094762944,16935,16939,14530,4360240
exprecast_patch_cnn,exPreCast + CNN,1,21041,6455,21041,70,20,0.1025352688611735,0.10828025477707,0.3409986859395532,0.1643096189139587,1003,8260,519,4398862
exprecast_patch_cnn,exPreCast + CNN,1,21041,6455,21041,80,1,0.5554574783522201,0.7602069030057086,0.3265478388664883,1.128820942123308,178714,56372,86656,4086893
exprecast_patch_cnn,exPreCast + CNN,1,21041,6455,21041,80,5,0.4320342037383838,0.6230556581780196,0.4150810261316749,1.065199943946902,48908,29589,34707,4295431
exprecast_patch_cnn,exPreCast + CNN,1,21041,6455,21041,80,10,0.3134360661414596,0.4275255358091752,0.4598687155005221,0.7915215209305072,14482,19392,12330,4362431
exprecast_patch_cnn,exPreCast + CNN,1,21041,6455,21041,80,20,0.064637590210229,0.0667170463132894,0.3253275109170305,0.0988880492281118,618,8645,298,4399074
exprecast_patch_cnn,exPreCast + CNN,1,21041,6455,21041,90,1,0.5407368967306694,0.7402142194771275,0.3326071865519661,1.109113260679071,174014,61072,86723,4086817
exprecast_patch_cnn,exPreCast + CNN,1,21041,6455,21041,90,5,0.4088762384763907,0.5746206861408716,0.4136442815173023,0.9799864962992216,45106,33391,31820,4298309
exprecast_patch_cnn,exPreCast + CNN,1,21041,6455,21041,90,10,0.2745831527565521,0.3553758044517919,0.4529425130652124,0.6496132727165378,12038,21836,9967,4364785
exprecast_patch_cnn,exPreCast + CNN,1,21041,6455,21041,90,20,0.040114008233928,0.0410234265356795,0.3559322033898305,0.0636942675159235,380,8883,210,4399153
exprecast_patch_cnn,exPreCast + CNN,1,21041,6455,21041,100,1,0.5267419282567026,0.7200684005002425,0.3376193457505086,1.087091532460461,169278,65808,86282,4087249
exprecast_patch_cnn,exPreCast + CNN,1,21041,6455,21041,100,5,0.3842105750789842,0.5282877052626215,0.4151470277131373,0.9032829280099876,41469,37028,29436,4300684
exprecast_patch_cnn,exPreCast + CNN,1,21041,6455,21041,100,10,0.2363520347875407,0.2952411879317471,0.4576758310286861,0.5443998346814666,10001,23873,8440,4366303
exprecast_patch_cnn,exPreCast + CNN,1,21041,6455,21041,100,20,0.0274917736970597,0.0279607038756342,0.3788968824940047,0.0450178128036273,259,9004,158,4399196
exprecast_patch_cnn,exPreCast + CNN,1,21041,6455,21041,110,1,0.5128035155204501,0.7009052006499749,0.3435469412959901,1.067715644487549,164773,70313,86232,4087289
exprecast_patch_cnn,exPreCast + CNN,1,21041,6455,21041,110,5,0.3614065083421013,0.4900951628724664,0.4208093703893288,0.8461724651897524,38471,40026,27951,4302159
exprecast_patch_cnn,exPreCast + CNN,1,21041,6455,21041,110,10,0.2084043702725417,0.2562142055854047,0.4724012158054711,0.4856231918285411,8679,25195,7771,4366962
exprecast_patch_cnn,exPreCast + CNN,1,21041,6455,21041,110,20,0.0188217779668226,0.019108280254777,0.4433962264150943,0.0343301306272266,177,9086,141,4399203
exprecast_patch_cnn,exPreCast + CNN,1,21041,6455,21041,120,1,0.4983850517801449,0.6872208468390292,0.3553978190871766,1.066116229805263,161556,73530,89073,4084438
exprecast_patch_cnn,exPreCast + CNN,1,21041,6455,21041,120,5,0.3431810923027786,0.4654063212606851,0.4335090711738254,0.8215600596201129,36533,41964,27957,4302143
exprecast_patch_cnn,exPreCast + CNN,1,21041,6455,21041,120,10,0.1876010131467856,0.2295861132431953,0.4936189608021878,0.4533860778177954,7777,26097,7581,4367142
exprecast_patch_cnn,exPreCast + CNN,1,21041,6455,21041,120,20,0.0142796248934356,0.014466155673108,0.4745098039215686,0.0275288783331534,134,9129,121,4399213
exprecast_patch_cnn,exPreCast + CNN,1,21041,6455,21041,130,1,0.485898122005081,0.6720178998324018,0.3630528565092932,1.055060701190203,157982,77104,90048,4083454
exprecast_patch_cnn,exPreCast + CNN,1,21041,6455,21041,130,5,0.3251277506458243,0.4393161522096386,0.4442743417023882,0.7905270265105673,34485,44012,27569,4302522
exprecast_patch_cnn,exPreCast + CNN,1,21041,6455,21041,130,10,0.1670720435861263,0.2027808939009269,0.5131476362605429,0.416514140638838,6869,27005,7240,4367474
exprecast_patch_cnn,exPreCast + CNN,1,21041,6455,21041,130,20,0.0107848371596369,0.0109035949476411,0.5024630541871922,0.0219151462809025,101,9162,102,4399223
exprecast_patch_cnn,exPreCast + CNN,1,21041,6455,21041,140,1,0.4742584176318233,0.6605072186348826,0.3728705401497589,1.053223075810554,155276,79810,92322,4081172
exprecast_patch_cnn,exPreCast + CNN,1,21041,6455,21041,140,5,0.3098249301033907,0.4206912366077684,0.4596314962691452,0.7785265678943144,33023,45474,28089,4301994
exprecast_patch_cnn,exPreCast + CNN,1,21041,6455,21041,140,10,0.1547122197418227,0.1882269587294089,0.5350736473676535,0.4048532798016178,6376,27498,7338,4367368
exprecast_patch_cnn,exPreCast + CNN,1,21041,6455,21041,140,20,0.0086556956614661,0.0087444672352369,0.5397727272727273,0.0190003238691568,81,9182,95,4399222
exprecast_patch_cnn,exPreCast + CNN,1,21041,6455,21041,150,1,0.4629386211230279,0.6486902665407553,0.3821614504203383,1.049934917434471,152498,82588,94327,4079159
exprecast_patch_cnn,exPreCast + CNN,1,21041,6455,21041,150,5,0.295831620641979,0.4034166910837357,0.4740924037599229,0.7670866402537677,31667,46830,28547,4301528
exprecast_patch_cnn,exPreCast + CNN,1,21041,6455,21041,150,10,0.1419609552875066,0.1730235578910078,0.5584268816394183,0.3918344452972781,5861,28013,7412,4367286
exprecast_patch_cnn,exPreCast + CNN,1,21041,6455,21041,150,20,0.0072735051877206,0.0073410342221742,0.5584415584415584,0.0166252833855122,68,9195,86,4399223
exprecast_patch_cnn,exPreCast + CNN,1,21041,6455,21041,160,1,0.4528227362632061,0.6388513139872217,0.3913795828385941,1.049671184162392,150185,84901,96578,4076900
exprecast_patch_cnn,exPreCast + CNN,1,21041,6455,21041,160,5,0.2822358788805685,0.3855561359032829,0.4870425924984322,0.7516338204007796,30265,48232,28736,4301331
exprecast_patch_cnn,exPreCast + CNN,1,21041,6455,21041,160,10,0.1333671890114142,0.1628092342209364,0.57554067574848,0.3835685186278562,5515,28359,7478,4367212
exprecast_patch_cnn,exPreCast + CNN,1,21041,6455,21041,160,20,0.0065275548421615,0.0065853395228327,0.5734265734265734,0.0154377631436899,61,9202,82,4399219
exprecast_patch_cnn,exPreCast + CNN,1,21041,6455,21041,170,1,0.4431683096984906,0.6279829509200888,0.3990670335574841,1.045013314276478,147630,87456,98038,4075432
exprecast_patch_cnn,exPreCast + CNN,1,21041,6455,21041,170,5,0.2743569686651635,0.3797979540619386,0.5029592704356379,0.7641183739505968,29813,48684,30168,4299891
exprecast_patch_cnn,exPreCast + CNN,1,21041,6455,21041,170,10,0.1283033320566832,0.1582334533860778,0.5958377318654803,0.3915097124638366,5360,28514,7902,4366780
exprecast_patch_cnn,exPreCast + CNN,1,21041,6455,21041,170,20,0.0054557124518613,0.0055057756666306,0.625,0.0146820684443484,51,9212,85,4399208
exprecast_patch_cnn,exPreCast + CNN,1,21041,6455,21041,180,1,0.4338505542932723,0.618114222029385,0.4072729497664742,1.042831134138145,145310,89776,99845,4073617
exprecast_patch_cnn,exPreCast + CNN,1,21041,6455,21041,180,5,0.2613892689420552,0.3602048485929398,0.5120793787748059,0.7382447736856186,28275,50222,29675,4300376
exprecast_patch_cnn,exPreCast + CNN,1,21041,6455,21041,180,10,0.1163121250813076,0.142528192714176,0.6126133354730001,0.3679223002893074,4828,29046,7635,4367039
exprecast_patch_cnn,exPreCast + CNN,1,21041,6455,21041,180,20,0.0042799058420714,0.0043182554248083,0.6747967479674797,0.0132786354312857,40,9223,83,4399202
exprecast_patch_cnn,exPreCast + CNN,2,21042,6455,21042,60,1,0.595804125239262,0.8037143853738632,0.3027378707417972,1.15267178819666,188942,46144,82035,4091533
exprecast_patch_cnn,exPreCast + CNN,2,21042,6455,21042,60,5,0.4797393182865871,0.6761404894454565,0.3771344075295443,1.085531931156605,53075,25422,32136,4298021
exprecast_patch_cnn,exPreCast + CNN,2,21042,6455,21042,60,10,0.3665785250977467,0.4788333234929444,0.3900650547136464,0.7850563854283521,16220,17654,10373,4364407
exprecast_patch_cnn,exPreCast + CNN,2,21042,6455,21042,60,20,0.0983246073298429,0.1013710460973766,0.2340946166394779,0.1323545287703767,939,8324,287,4399104
exprecast_patch_cnn,exPreCast + CNN,2,21042,6455,21042,70,1,0.5816589008744495,0.7752779833762964,0.3003865479768609,1.108151910364717,182257,52829,78254,4095304
exprecast_patch_cnn,exPreCast + CNN,2,21042,6455,21042,70,5,0.4530565693430657,0.6325719454246659,0.385138314470393,1.028803648547078,49655,28842,31103,4299044
exprecast_patch_cnn,exPreCast + CNN,2,21042,6455,21042,70,10,0.3325847743094543,0.4372084784790695,0.4184402733055839,0.7517860305839287,14810,19064,10656,4364114
exprecast_patch_cnn,exPreCast + CNN,2,21042,6455,21042,70,20,0.0813050776332354,0.0836661988556623,0.2576628352490421,0.1127064665874986,775,8488,269,4399112
exprecast_patch_cnn,exPreCast + CNN,2,21042,6455,21042,80,1,0.5649034144839794,0.7493598087508401,0.3034958841716549,1.07588712215955,176164,58922,76762,4096787
exprecast_patch_cnn,exPreCast + CNN,2,21042,6455,21042,80,5,0.4286602483184807,0.5796909436029403,0.3780292778939599,0.9320228798552812,45504,32993,27657,4302481
exprecast_patch_cnn,exPreCast + CNN,2,21042,6455,21042,80,10,0.2886448797609448,0.3593021196197674,0.4052191760738894,0.6040916337013639,12171,21703,8292,4366469
exprecast_patch_cnn,exPreCast + CNN,2,21042,6455,21042,80,20,0.0504353365895094,0.0512792831695994,0.246031746031746,0.0680125229407319,475,8788,155,4399217
exprecast_patch_cnn,exPreCast + CNN,2,21042,6455,21042,90,1,0.5481749792811271,0.7287290608543256,0.3112866590283222,1.058102141344019,171314,63772,77431,4096109
exprecast_patch_cnn,exPreCast + CNN,2,21042,6455,21042,90,5,0.3996995541771661,0.5253831356612355,0.3744159941751107,0.8398282736919882,41241,37256,24683,4305446
exprecast_patch_cnn,exPreCast + CNN,2,21042,6455,21042,90,10,0.2388554893107491,0.282665170927555,0.3935267291613884,0.4660801794886934,9575,24299,6213,4368539
exprecast_patch_cnn,exPreCast + CNN,2,21042,6455,21042,90,20,0.0291604358043153,0.0294720932743171,0.2661290322580645,0.0401597754507179,273,8990,99,4399264
exprecast_patch_cnn,exPreCast + CNN,2,21042,6455,21042,100,1,0.5321294311913712,0.7087023472261215,0.3188996496506727,1.040525594888679,166606,68480,78007,4095524
exprecast_patch_cnn,exPreCast + CNN,2,21042,6455,21042,100,5,0.3724674402784214,0.4812795393454527,0.3777239709443099,0.773418092411175,37779,40718,22932,4307188
exprecast_patch_cnn,exPreCast + CNN,2,21042,6455,21042,100,10,0.1986658114175753,0.2285823935761941,0.3971504204297726,0.3791698647930566,7743,26131,5101,4369642
exprecast_patch_cnn,exPreCast + CNN,2,21042,6455,21042,100,20,0.0187426368212487,0.0188923674835366,0.2971887550200803,0.0268811400194321,175,9088,74,4399280
exprecast_patch_cnn,exPreCast + CNN,2,21042,6455,21042,110,1,0.5170528931148167,0.6904749751154896,0.3269436497076751,1.02587989076338,162321,72765,78849,4094672
exprecast_patch_cnn,exPreCast + CNN,2,21042,6455,21042,110,5,0.350305176626537,0.4511255207205371,0.3894903799737949,0.7389326980648941,35412,43085,22592,4307518
exprecast_patch_cnn,exPreCast + CNN,2,21042,6455,21042,110,10,0.1765371751993825,0.2025742457341914,0.4213189407994603,0.3500619944500207,6862,27012,4996,4369737
exprecast_patch_cnn,exPreCast + CNN,2,21042,6455,21042,110,20,0.0137074319982865,0.0138184173593868,0.3694581280788177,0.0219151462809025,128,9135,75,4399269
exprecast_patch_cnn,exPreCast + CNN,2,21042,6455,21042,120,1,0.5025578347865531,0.6786452617340037,0.3404985325120913,1.029027674978518,159540,75546,82370,4091141
exprecast_patch_cnn,exPreCast + CNN,2,21042,6455,21042,120,5,0.3326047789231178,0.4303731352790552,0.4058251402641715,0.7243206746754653,33783,44714,23074,4307026
exprecast_patch_cnn,exPreCast + CNN,2,21042,6455,21042,120,10,0.1620034365142461,0.186485209895495,0.4476215459951032,0.3376040621125347,6317,27557,5119,4369604
exprecast_patch_cnn,exPreCast + CNN,2,21042,6455,21042,120,20,0.0102971146626622,0.0103638130195401,0.3846153846153846,0.0168411961567526,96,9167,60,4399274
exprecast_patch_cnn,exPreCast + CNN,2,21042,6455,21042,130,1,0.4884580217688097,0.6635529125511515,0.3507421065337007,1.022017474456156,155992,79094,84270,4089232
exprecast_patch_cnn,exPreCast + CNN,2,21042,6455,21042,130,5,0.3112927707616147,0.3997350217205753,0.4154619970193741,0.6838477903614151,31378,47119,22302,4307789
exprecast_patch_cnn,exPreCast + CNN,2,21042,6455,21042,130,10,0.1384583322478964,0.156905000885635,0.4591982091982092,0.2901340260967113,5315,28559,4513,4370201
exprecast_patch_cnn,exPreCast + CNN,2,21042,6455,21042,130,20,0.0065499838934822,0.0065853395228327,0.4504504504504504,0.0119831588038432,61,9202,50,4399275
exprecast_patch_cnn,exPreCast + CNN,2,21042,6455,21042,140,1,0.4759095348080172,0.6529823128557208,0.3629780559059823,1.02505466084752,153507,81579,87469,4086025
exprecast_patch_cnn,exPreCast + CNN,2,21042,6455,21042,140,5,0.2962937387169647,0.382626087621183,0.4323057440414312,0.6740002802654879,30035,48462,22872,4307211
exprecast_patch_cnn,exPreCast + CNN,2,21042,6455,21042,140,10,0.1259938679000156,0.1431481372143827,0.4874748969453546,0.2792997579264332,4849,29025,4612,4370094
exprecast_patch_cnn,exPreCast + CNN,2,21042,6455,21042,140,20,0.0039776392173726,0.0039943862679477,0.5131578947368421,0.0082046853071359,37,9226,39,4399278
exprecast_patch_cnn,exPreCast + CNN,2,21042,6455,21042,150,1,0.4641459074733096,0.6435644827850233,0.3752534408073767,1.030120891928911,151293,83793,90874,4082612
exprecast_patch_cnn,exPreCast + CNN,2,21042,6455,21042,150,5,0.2835845715906756,0.3693134769481636,0.450113808801214,0.671618023618737,28990,49507,23730,4306345
exprecast_patch_cnn,exPreCast + CNN,2,21042,6455,21042,150,10,0.1159311505111945,0.1322253055440751,0.5152597402597403,0.2727755800909252,4479,29395,4761,4369937
exprecast_patch_cnn,exPreCast + CNN,2,21042,6455,21042,150,20,0.003118950311895,0.003130735182986,0.546875,0.0069092086796934,29,9234,35,4399274
exprecast_patch_cnn,exPreCast + CNN,2,21042,6455,21042,160,1,0.4529307336409676,0.6337978441931889,0.386522997616038,1.033124048220651,148997,86089,93876,4079602
exprecast_patch_cnn,exPreCast + CNN,2,21042,6455,21042,160,5,0.2697011800160466,0.3511471775991439,0.4623651719362577,0.6531332407607934,27564,50933,23705,4306362
exprecast_patch_cnn,exPreCast + CNN,2,21042,6455,21042,160,10,0.1057986814099569,0.1203282753734427,0.5329972502291476,0.2576607427525536,4076,29798,4652,4370038
exprecast_patch_cnn,exPreCast + CNN,2,21042,6455,21042,160,20,0.0020447696943607,0.0020511713267839,0.6041666666666666,0.00518190650977,19,9244,29,4399272
exprecast_patch_cnn,exPreCast + CNN,2,21042,6455,21042,170,1,0.4426118207247413,0.6239503841147495,0.3963629180607168,1.03365151476481,146682,88404,96315,4077155
exprecast_patch_cnn,exPreCast + CNN,2,21042,6455,21042,170,5,0.2617371232096118,0.3452361236735162,0.480265429020751,0.6642546848924162,27100,51397,25042,4305017
exprecast_patch_cnn,exPreCast + CNN,2,21042,6455,21042,170,10,0.1033908296383627,0.1190883863730294,0.5604227961207366,0.2709157465903052,4034,29840,5143,4369539
exprecast_patch_cnn,exPreCast + CNN,2,21042,6455,21042,170,20,0.0022575790152655,0.0022670840980243,0.65,0.0064773831372125,21,9242,39,4399254
exprecast_patch_cnn,exPreCast + CNN,2,21042,6455,21042,180,1,0.4329838591408502,0.6153875602970827,0.4063741259889046,1.036658924819002,144669,90417,99035,4074427
exprecast_patch_cnn,exPreCast + CNN,2,21042,6455,21042,180,5,0.2483929005592025,0.3253754920570212,0.4878381359161002,0.6352981642610546,25541,52956,24328,4305723
exprecast_patch_cnn,exPreCast + CNN,2,21042,6455,21042,180,10,0.0901564892429865,0.1025565330341855,0.5728513463666544,0.2400956485800318,3474,30400,4659,4370015
exprecast_patch_cnn,exPreCast + CNN,2,21042,6455,21042,180,20,0.001614291863969,0.0016193457843031,0.6590909090909091,0.0047500809672892,15,9248,29,4399256
direct_r2p,Direct R2P,0,0,,,60,1,0.6284130374525118,0.8197255472465396,0.2708126005108315,1.124163072237394,192706,42380,71569,4101999
direct_r2p,Direct R2P,0,0,,,60,5,0.5418966142799855,0.7230212619590558,0.3161389049546944,1.057263334904519,56755,21742,26237,4303920
direct_r2p,Direct R2P,0,0,,,60,10,0.4548140535679876,0.6271181437090394,0.3765993661227844,1.005963275668655,21243,12631,12833,4361947
direct_r2p,Direct R2P,0,0,,,60,20,0.3359369075604762,0.4782467882975278,0.4697151065357912,0.9018676454712296,4430,4833,3924,4395467
direct_r2p,Direct R2P,0,0,,,70,1,0.6057034815574228,0.806726049190509,0.2914809598350213,1.138608849527407,189650,45436,78021,4095537
direct_r2p,Direct R2P,0,0,,,70,5,0.5104756324598126,0.6881409480617093,0.3358864969202208,1.036179726613756,54017,24480,27320,4302827
direct_r2p,Direct R2P,0,0,,,70,10,0.4159367112770154,0.5789395996929798,0.4036672140120416,0.9708330873236112,19611,14263,13275,4361495
direct_r2p,Direct R2P,0,0,,,70,20,0.2919231061469493,0.4147684335528446,0.5036175710594315,0.835582424700421,3842,5421,3898,4395483
direct_r2p,Direct R2P,0,0,,,80,1,0.582789417830411,0.7919144483295475,0.3118270030496257,1.150749087567954,186168,48918,84357,4089192
direct_r2p,Direct R2P,0,0,,,80,5,0.4786732517678752,0.6519230034268826,0.3569893824213105,1.013860402308368,51174,27323,28411,4301727
direct_r2p,Direct R2P,0,0,,,80,10,0.3787779446289207,0.5286945740095649,0.428119810959254,0.924484855641495,17909,15965,13407,4361354
direct_r2p,Direct R2P,0,0,,,80,20,0.2468897303145042,0.3449206520565691,0.5351374945438673,0.7419842383676994,3195,6068,3678,4395694
direct_r2p,Direct R2P,0,0,,,90,1,0.5605393674479054,0.777872778472559,0.3326387241574366,1.165594718528538,182867,52219,91148,4082392
direct_r2p,Direct R2P,0,0,,,90,5,0.4490808260025453,0.6158706702166962,0.37619035329944,0.9872733989834006,48344,30153,29154,4300975
direct_r2p,Direct R2P,0,0,,,90,10,0.3419892313562556,0.4762649819920883,0.4518737471545544,0.8688964987896322,16133,17741,13300,4361452
direct_r2p,Direct R2P,0,0,,,90,20,0.2039836813054955,0.275288783331534,0.5594333102971666,0.6248515599697723,2550,6713,3238,4396125
direct_r2p,Direct R2P,0,0,,,100,1,0.54070796991398,0.7663238134129637,0.3525394977070485,1.183583879941809,180152,54934,98092,4075439
direct_r2p,Direct R2P,0,0,,,100,5,0.4212689868750922,0.5822642903550455,0.396261805693151,0.964431761723378,45706,32791,29999,4300121
direct_r2p,Direct R2P,0,0,,,100,10,0.3093823848757744,0.4290015941430005,0.4740309095515581,0.8156403141052134,14532,19342,13097,4361646
direct_r2p,Direct R2P,0,0,,,100,20,0.1622788804916535,0.2109467775018892,0.5870667793744717,0.5108496167548311,1954,7309,2778,4396576
direct_r2p,Direct R2P,0,0,,,110,1,0.5224630067676631,0.7572675531507619,0.3724402925883493,1.206686063823452,178023,57063,105652,4067869
direct_r2p,Direct R2P,0,0,,,110,5,0.3963940161440207,0.5542759595908124,0.4181266215529462,0.9525714358510516,43509,34988,31265,4298845
direct_r2p,Direct R2P,0,0,,,110,10,0.2811825313695731,0.3883214264627738,0.4952611181458884,0.7693511247564504,13154,20720,12907,4361826
direct_r2p,Direct R2P,0,0,,,110,20,0.132882296816723,0.1653891827701608,0.5966298051606108,0.4100183525855554,1532,7731,2266,4397078
direct_r2p,Direct R2P,0,0,,,120,1,0.5047271373761667,0.7498574989578282,0.3930867087844933,1.235526573254043,176281,58805,114174,4059337
direct_r2p,Direct R2P,0,0,,,120,5,0.3731833394978754,0.5269882925462119,0.4388556545802303,0.9391314317744628,41367,37130,32352,4297748
direct_r2p,Direct R2P,0,0,,,120,10,0.2562598061340727,0.3519808702839936,0.5148518880208334,0.7255121922418374,11923,21951,12653,4362070
direct_r2p,Direct R2P,0,0,,,120,20,0.1033309455587392,0.1245816690057216,0.6227525335076822,0.3302385836122206,1154,8109,1905,4397429
direct_r2p,Direct R2P,0,0,,,130,1,0.4884236852853794,0.7426601328875391,0.4120731284327361,1.263184536722731,174589,60497,122368,4051134
direct_r2p,Direct R2P,0,0,,,130,5,0.3537198929527207,0.5051403238340318,0.458712715855573,0.9332203778488348,39652,38845,33603,4296488
direct_r2p,Direct R2P,0,0,,,130,10,0.2318351012328678,0.3180905709393635,0.5390965865343486,0.690145834563382,10775,23099,12603,4362111
direct_r2p,Direct R2P,0,0,,,130,20,0.0779304029304029,0.0918708841627982,0.6606858054226475,0.2707546151354852,851,8412,1657,4397668
direct_r2p,Direct R2P,0,0,,,140,1,0.4724366806998256,0.73846592310899,0.4326328518203804,1.301566235335154,173603,61483,132377,4041117
direct_r2p,Direct R2P,0,0,,,140,5,0.3354159670549144,0.483521663248277,0.4773190481436598,0.92507993936074,37955,40542,34661,4295422
direct_r2p,Direct R2P,0,0,,,140,10,0.210004535735113,0.2870343035956781,0.5609987357774968,0.6538347995512782,9723,24151,12425,4362281
direct_r2p,Direct R2P,0,0,,,140,20,0.0576255279211637,0.0662852207708085,0.6939182452642074,0.2165605095541401,614,8649,1392,4397925
direct_r2p,Direct R2P,0,0,,,150,1,0.457192548032949,0.7335528274759024,0.4517645787169648,1.33802523331887,172448,62638,142103,4031383
direct_r2p,Direct R2P,0,0,,,150,5,0.3203873313290918,0.4670242174860186,0.49495088652238,0.9247104984903882,36660,41837,35927,4294148
direct_r2p,Direct R2P,0,0,,,150,10,0.1917757897921258,0.2620003542540001,0.5829221297993327,0.6281809057093937,8875,24999,12404,4362294
direct_r2p,Direct R2P,0,0,,,150,20,0.0423275367857825,0.0478246788297527,0.7308626974483596,0.1776962107308647,443,8820,1203,4398106
direct_r2p,Direct R2P,0,0,,,160,1,0.4437264168033996,0.7293288413601831,0.4687963763333922,1.372974145631811,171455,63631,151312,4022166
direct_r2p,Direct R2P,0,0,,,160,5,0.3043997921358046,0.4477368561855867,0.5125989820965483,0.9186210937997632,35146,43351,36963,4293104
direct_r2p,Direct R2P,0,0,,,160,10,0.1725706857328566,0.2351360925783787,0.6065889558431296,0.5976855405325618,7965,25909,12281,4362409
direct_r2p,Direct R2P,0,0,,,160,20,0.0329776915615906,0.0367051711108712,0.7548666186012978,0.1497355068552305,340,8923,1047,4398254
direct_r2p,Direct R2P,0,0,,,170,1,0.4307768396509697,0.7261853109074977,0.4856836422356655,1.411942863462733,170716,64370,161212,4012258
direct_r2p,Direct R2P,0,0,,,170,5,0.2900840885813387,0.4293667273908557,0.527915511107376,0.9095124654445392,33704,44793,37690,4292369
direct_r2p,Direct R2P,0,0,,,170,10,0.1570498159402296,0.2128476117376158,0.6253572356456223,0.5681348526893782,7210,26664,12035,4362647
direct_r2p,Direct R2P,0,0,,,170,20,0.0273218673218673,0.0300118752024182,0.7663865546218488,0.1284680988880492,278,8985,912,4398381
direct_r2p,Direct R2P,0,0,,,180,1,0.4196215531830018,0.7204087014964736,0.4987465556177098,1.43721446619535,169358,65728,168511,4004951
direct_r2p,Direct R2P,0,0,,,180,5,0.2768024675491582,0.4115698689121877,0.5419071251329316,0.8984419786743443,32307,46190,38218,4291833
direct_r2p,Direct R2P,0,0,,,180,10,0.1422542641111306,0.1910609907303536,0.6423123687410192,0.5341559898447187,6472,27402,11622,4363052
direct_r2p,Direct R2P,0,0,,,180,20,0.0206,0.0222390154377631,0.7815482502651113,0.1018028716398575,206,9057,737,4398548
direct_r2p,Direct R2P,1,1,,,60,1,0.6162281655189943,0.7837940158069813,0.2575709957128582,1.055715780607948,184259,50827,63925,4109643
direct_r2p,Direct R2P,1,1,,,60,5,0.5155129210581687,0.6866631845803024,0.3259173107225932,1.018663133622941,53901,24596,26061,4304096
direct_r2p,Direct R2P,1,1,,,60,10,0.4206129378127233,0.5558835685186279,0.3665051809985197,0.8774871582924957,18830,15044,10894,4363886
direct_r2p,Direct R2P,1,1,,,60,20,0.2946006247211066,0.3563640289323113,0.3703986267404158,0.5660153298067581,3301,5962,1942,4397449
direct_r2p,Direct R2P,1,1,,,70,1,0.5906562130120264,0.7790468169095565,0.2904844183415723,1.09799817938967,183143,51943,74981,4098577
direct_r2p,Direct R2P,1,1,,,70,5,0.484017026053604,0.6591207307285629,0.3543681445524539,1.020892518185408,51739,26758,28398,4301749
direct_r2p,Direct R2P,1,1,,,70,10,0.3829253258189503,0.5134911731711638,0.3990464344941957,0.8544606482848203,17394,16480,11550,4363220
direct_r2p,Direct R2P,1,1,,,70,20,0.2432335221652729,0.2920220231026665,0.4071882533420995,0.4926049875850156,2705,6558,1858,4397523
direct_r2p,Direct R2P,1,1,,,80,1,0.5659138384869746,0.7709476531992547,0.319704067384352,1.133253362599219,181239,53847,85173,4088376
direct_r2p,Direct R2P,1,1,,,80,5,0.4546162728889051,0.6319349784068181,0.3816534117823041,1.02197536211575,49605,28892,30617,4299521
direct_r2p,Direct R2P,1,1,,,80,10,0.3489344101704508,0.4731947806577316,0.4294105083297736,0.8293086142764362,16029,17845,12063,4362698
direct_r2p,Direct R2P,1,1,,,80,20,0.1922935442339525,0.2257368023318579,0.4351701782820097,0.3996545395660153,2091,7172,1611,4397761
direct_r2p,Direct R2P,1,1,,,90,1,0.5440192741177436,0.7607258620249611,0.3436753388309643,1.159069446925806,178836,56250,93645,4079895
direct_r2p,Direct R2P,1,1,,,90,5,0.4301962794126903,0.609526478718932,0.4061413960877768,1.026383173879257,47846,30651,32722,4297407
direct_r2p,Direct R2P,1,1,,,90,10,0.3196171219617122,0.4386550156462183,0.4591810737033667,0.8110940544370313,14859,19015,12616,4362136
direct_r2p,Direct R2P,1,1,,,90,20,0.1492662865688382,0.1724063478354744,0.4734586218265743,0.3274317175860952,1597,7666,1436,4397927
direct_r2p,Direct R2P,1,1,,,100,1,0.525321916601731,0.7484707723981862,0.3620565884502712,1.173255744706193,175955,59131,99861,4073670
direct_r2p,Direct R2P,1,1,,,100,5,0.4082286080204915,0.5847357223842949,0.4251002004008016,1.017108934099392,45900,32597,33940,4296180
direct_r2p,Direct R2P,1,1,,,100,10,0.2923017474560989,0.4019602054673201,0.4827533809451451,0.7771151915923717,13616,20258,12708,4362035
direct_r2p,Direct R2P,1,1,,,100,20,0.1076468344774981,0.1218827593652164,0.5203908241291418,0.254129331749973,1129,8134,1225,4398129
direct_r2p,Direct R2P,1,1,,,110,1,0.5084442515149205,0.7373897212084088,0.3791322536048652,1.187675999421488,173350,61736,105856,4067665
direct_r2p,Direct R2P,1,1,,,110,5,0.3892057920140412,0.5649897448310126,0.4442564815859053,1.016637578506185,44350,34147,35453,4294657
direct_r2p,Direct R2P,1,1,,,110,10,0.265350220358564,0.366151030288717,0.5092002690831388,0.7460294030820098,12403,21471,12868,4361865
direct_r2p,Direct R2P,1,1,,,110,20,0.0757841418273913,0.0839900680125229,0.5631667602470523,0.192270322789593,778,8485,1003,4398341
direct_r2p,Direct R2P,1,1,,,120,1,0.4934147765707116,0.7260534442714581,0.393712814137288,1.197540474549739,170685,64401,110840,4062671
direct_r2p,Direct R2P,1,1,,,120,5,0.3708906727828746,0.5438551791788221,0.4616383767560342,1.010204211625922,42691,35806,36607,4293493
direct_r2p,Direct R2P,1,1,,,120,10,0.2411875427789185,0.3328806754442935,0.5331622091579035,0.7130542599043515,11276,22598,12878,4361845
direct_r2p,Direct R2P,1,1,,,120,20,0.0517633112713622,0.0565691460649897,0.6213872832369942,0.1494116376983698,524,8739,860,4398474
direct_r2p,Direct R2P,1,1,,,130,1,0.4801190577914495,0.7170354678713322,0.4076480572374362,1.210488927456335,168565,66521,116004,4057498
direct_r2p,Direct R2P,1,1,,,130,5,0.3534822715231216,0.5218543383823585,0.4771932511422518,0.9981782743289552,40964,37533,37390,4292701
direct_r2p,Direct R2P,1,1,,,130,10,0.2199724873183733,0.3021196197673732,0.5527879741303968,0.6755623782251875,10234,23640,12650,4362064
direct_r2p,Direct R2P,1,1,,,130,20,0.0377831228703146,0.0406995573788189,0.6547619047619048,0.1178883730972687,377,8886,715,4398610
direct_r2p,Direct R2P,1,1,,,140,1,0.4669907175465952,0.7057800124209863,0.4201211350204629,1.217116289357937,165919,69167,120208,4053286
direct_r2p,Direct R2P,1,1,,,140,5,0.3364113830627167,0.4993821419926876,0.4924055058464008,0.9838210377466656,39200,39297,38027,4292056
direct_r2p,Direct R2P,1,1,,,140,10,0.1971128948731227,0.2696758575898919,0.5771812080536913,0.6378048060459349,9135,24739,12470,4362236
direct_r2p,Direct R2P,1,1,,,140,20,0.0280563152030791,0.029903918816798,0.6877113866967306,0.0957573140451257,277,8986,610,4398707
direct_r2p,Direct R2P,1,1,,,150,1,0.4546735530542164,0.6972682337527543,0.4334957663729047,1.2308261657436,163918,71168,125432,4048054
direct_r2p,Direct R2P,1,1,,,150,5,0.3201629641017757,0.4775341732805075,0.5072237047943314,0.96906888161331,37485,41012,38584,4291491
direct_r2p,Direct R2P,1,1,,,150,10,0.1766732390093818,0.2407155930802385,0.6009396564381149,0.6032059987010686,8154,25720,12279,4362419
direct_r2p,Direct R2P,1,1,,,150,20,0.0202495397831867,0.0213753643528014,0.7223001402524544,0.0769729029472093,198,9065,515,4398794
direct_r2p,Direct R2P,1,1,,,160,1,0.4418942768529101,0.6891010098432063,0.4480683858526597,1.248526071310074,161998,73088,131513,4041965
direct_r2p,Direct R2P,1,1,,,160,5,0.3036030614580066,0.4563231715861752,0.5243406899848617,0.9593487649209524,35820,42677,39486,4290581
direct_r2p,Direct R2P,1,1,,,160,10,0.1588331337759878,0.2153864320717954,0.6230820891667097,0.5714412233571471,7296,26578,12061,4362629
direct_r2p,Direct R2P,1,1,,,160,20,0.0159925711927362,0.0167332397711324,0.7345890410958904,0.0630465292022023,155,9108,429,4398872
direct_r2p,Direct R2P,1,1,,,170,1,0.4291639555402036,0.6817760308993305,0.4633334561076306,1.270390410317926,160276,74810,138375,4035095
direct_r2p,Direct R2P,1,1,,,170,5,0.288679053882699,0.4350357338497013,0.5381900305628432,0.9420232620354918,34149,44348,39797,4290262
direct_r2p,Direct R2P,1,1,,,170,10,0.1420714537134811,0.1906476943968825,0.6420177383592017,0.5325618468441873,6458,27416,11582,4363100
direct_r2p,Direct R2P,1,1,,,170,20,0.0119679467166198,0.012414984346324,0.7505422993492408,0.0497678937709165,115,9148,346,4398947
direct_r2p,Direct R2P,1,1,,,180,1,0.4184485278213021,0.6747870991892329,0.4758446364552529,1.287379937554767,158633,76453,144012,4029450
direct_r2p,Direct R2P,1,1,,,180,5,0.274917622470736,0.4155827611246289,0.5518094138982771,0.9272456272214225,32622,45875,40164,4289887
direct_r2p,Direct R2P,1,1,,,180,10,0.1282992017432681,0.1703371317234457,0.6579524571699568,0.4979925606659975,5770,28104,11099,4363575
direct_r2p,Direct R2P,1,1,,,180,20,0.0084666039510818,0.0087444672352369,0.7896103896103897,0.0415632084637806,81,9182,304,4398981
direct_r2p,Direct R2P,2,2,,,60,1,0.6296368956573785,0.8054796967918123,0.257455560740517,1.084756216873825,189357,45729,65654,4107914
direct_r2p,Direct R2P,2,2,,,60,5,0.5394799421510866,0.7080652763799891,0.3062001472956273,1.020561295336128,55581,22916,24530,4305627
direct_r2p,Direct R2P,2,2,,,60,10,0.4480968858131487,0.6040325913680109,0.3655307141306707,0.952028104150676,20461,13413,11788,4362992
direct_r2p,Direct R2P,2,2,,,60,20,0.3321425736286417,0.4516895174349563,0.4434690077148178,0.8116161070927346,4184,5079,3334,4396057
direct_r2p,Direct R2P,2,2,,,70,1,0.6053359960189814,0.7916932526819972,0.2799848349446204,1.099550802684975,186116,48970,72373,4101185
direct_r2p,Direct R2P,2,2,,,70,5,0.5065231415064365,0.6701912174987579,0.3252962601959678,0.993311846312598,52608,25889,25364,4304783
direct_r2p,Direct R2P,2,2,,,70,10,0.4085629448495699,0.5524295920174765,0.3892823341274762,0.9045580681348528,18713,15161,11928,4362842
direct_r2p,Direct R2P,2,2,,,70,20,0.2821962050867985,0.3773075677426319,0.4718150219132537,0.7143474036489258,3495,5768,3122,4396259
direct_r2p,Direct R2P,2,2,,,80,1,0.5806670165561334,0.7765370970623516,0.3028390082947619,1.113856205814042,182553,52533,79299,4094250
direct_r2p,Direct R2P,2,2,,,80,5,0.4728567190744586,0.6295017643986395,0.3447983240075313,0.9607755710409316,49414,29083,26004,4304134
direct_r2p,Direct R2P,2,2,,,80,10,0.3660874513065172,0.49383007616461,0.4140395124001681,0.8427702662809234,16728,17146,11820,4362941
direct_r2p,Direct R2P,2,2,,,80,20,0.2323826894379041,0.302601748893447,0.4996429846483399,0.6047716722444133,2803,6460,2799,4396573
direct_r2p,Direct R2P,2,2,,,90,1,0.5575626819975931,0.7607258620249611,0.3238612304155828,1.125103153739483,178836,56250,85660,4087880
direct_r2p,Direct R2P,2,2,,,90,5,0.4410981317301473,0.5907232123520644,0.3647684151403482,0.9299336280367404,46370,32127,26627,4303502
direct_r2p,Direct R2P,2,2,,,90,10,0.3270664291839831,0.4390978331463659,0.4382294066548325,0.7816319300938773,14874,19000,11603,4363149
direct_r2p,Direct R2P,2,2,,,90,20,0.1834390536602091,0.2310266652272481,0.5289456306405459,0.4904458598726114,2140,7123,2403,4396960
direct_r2p,Direct R2P,2,2,,,100,1,0.5359525958817215,0.7475604672332679,0.3456149300526141,1.142386190585573,175741,59345,92818,4080713
direct_r2p,Direct R2P,2,2,,,100,5,0.413782991202346,0.5572314865536262,0.3835301744792401,0.9039071556874784,43741,34756,27213,4302907
direct_r2p,Direct R2P,2,2,,,100,10,0.2916703628138029,0.3882623841294207,0.4603200656544932,0.7194308319064769,13152,20722,11218,4363525
direct_r2p,Direct R2P,2,2,,,100,20,0.1493713476182043,0.1821224225412933,0.5462614308768154,0.4013818417359386,1687,7576,2031,4397323
direct_r2p,Direct R2P,2,2,,,110,1,0.5163956525907109,0.7332508103417473,0.3641547921607973,1.153190747215912,172377,62709,98722,4074799
direct_r2p,Direct R2P,2,2,,,110,5,0.3873371454410144,0.5238034574569729,0.4021345586203888,0.8761226543689568,41117,37380,27656,4302454
direct_r2p,Direct R2P,2,2,,,110,10,0.2592526372251028,0.3424455334474818,0.4837561192701379,0.6633406152211135,11600,22274,10870,4363863
direct_r2p,Direct R2P,2,2,,,110,20,0.116897305171158,0.1386159991363489,0.5727121464226289,0.3244089387887293,1284,7979,1721,4397623
direct_r2p,Direct R2P,2,2,,,120,1,0.4986633099915005,0.7212466926996929,0.3822862930255603,1.167606748168755,169555,65531,104933,4068578
direct_r2p,Direct R2P,2,2,,,120,5,0.3645712141114656,0.4949998089098946,0.419531214986779,0.8527587041542989,38856,39641,28083,4302017
direct_r2p,Direct R2P,2,2,,,120,10,0.2290000898391878,0.3009978154336659,0.5108893792574115,0.615398240538466,10196,23678,10650,4364073
direct_r2p,Direct R2P,2,2,,,120,20,0.0886040679855112,0.1029903918816798,0.611879576891782,0.2653567958544748,954,8309,1504,4397830
direct_r2p,Direct R2P,2,2,,,130,1,0.4828040829957457,0.7072135303676101,0.396584701932674,1.172017899832402,166256,68830,109269,4064233
direct_r2p,Direct R2P,2,2,,,130,5,0.3424633161970578,0.4659031555346064,0.4361915333148337,0.8263500515943284,36572,41925,28294,4301797
direct_r2p,Direct R2P,2,2,,,130,10,0.2022296240908164,0.2634764125878254,0.5347685571309424,0.5663340615221113,8925,24949,10259,4364455
direct_r2p,Direct R2P,2,2,,,130,20,0.0667360848163574,0.0761092518622476,0.6485543369890329,0.2165605095541401,705,8558,1301,4398024
direct_r2p,Direct R2P,2,2,,,140,1,0.4675691047662382,0.6993866074542934,0.4148272057515037,1.195179636388386,164416,70670,116554,4056940
direct_r2p,Direct R2P,2,2,,,140,5,0.3217238133405407,0.4397620291221321,0.4548325963360707,0.806655031402474,34520,43977,28800,4301283
direct_r2p,Direct R2P,2,2,,,140,10,0.1761831921645624,0.2278148432426049,0.5626275221038314,0.5208714648402905,7717,26157,9927,4364779
direct_r2p,Direct R2P,2,2,,,140,20,0.0478574867597496,0.053654323653244,0.6930203829524397,0.174781388319119,497,8766,1122,4398195
direct_r2p,Direct R2P,2,2,,,150,1,0.4539481797898938,0.6889223518201849,0.429012628595201,1.206545689662506,161956,73130,121686,4051800
direct_r2p,Direct R2P,2,2,,,150,5,0.3017033891217277,0.4135954240289438,0.4727662476858618,0.784463100500656,32466,46031,29112,4300963
direct_r2p,Direct R2P,2,2,,,150,10,0.1563564392893307,0.2005668064001889,0.5850232103591497,0.4833205408277735,6794,27080,9578,4365120
direct_r2p,Direct R2P,2,2,,,150,20,0.0329864519929314,0.0362733455683903,0.7331215250198571,0.1359170894958437,336,8927,923,4398386
direct_r2p,Direct R2P,2,2,,,160,1,0.4406816303520899,0.6849961290761679,0.4473152231736825,1.239397497086173,161033,74053,130332,4043146
direct_r2p,Direct R2P,2,2,,,160,5,0.2836984500287032,0.3903333885371415,0.4905644691994347,0.7662076257691377,30640,47857,29505,4300562
direct_r2p,Direct R2P,2,2,,,160,10,0.1395062588541303,0.1773336482257778,0.604594523433386,0.4484855641494952,6007,27867,9185,4365505
direct_r2p,Direct R2P,2,2,,,160,20,0.0236645032451323,0.0255856633919896,0.7603640040444893,0.1067688653783871,237,9026,752,4398549
direct_r2p,Direct R2P,2,2,,,170,1,0.4285637657332435,0.6797214636345847,0.4629961957763708,1.265766570531635,159793,75293,137771,4035699
direct_r2p,Direct R2P,2,2,,,170,5,0.267020017020017,0.367746538084258,0.5063613666678067,0.7449711453940915,28867,49630,29611,4300448
direct_r2p,Direct R2P,2,2,,,170,10,0.123456210378023,0.1552222943850741,0.6237297838843566,0.4125287831375095,5258,28616,8716,4365966
direct_r2p,Direct R2P,2,2,,,170,20,0.0153159549650065,0.0163014142286516,0.7978580990629184,0.0806434200582964,151,9112,596,4398697
direct_r2p,Direct R2P,2,2,,,180,1,0.4172847510712446,0.6789472788681589,0.4801351034446818,1.306007163335971,159611,75475,147413,4026049
direct_r2p,Direct R2P,2,2,,,180,5,0.2519794762001439,0.3478476884466922,0.5223893650516005,0.7283080882071926,27305,51192,29865,4300186
direct_r2p,Direct R2P,2,2,,,180,10,0.1094956406053263,0.136063057212021,0.6407078266292485,0.3786975261262325,4609,29265,8219,4366455
direct_r2p,Direct R2P,2,2,,,180,20,0.0099081432552378,0.0103638130195401,0.8160919540229885,0.0563532332937493,96,9167,426,4398859
