route,route_label,lead_min,gauge_bin,amount_bias_mm_mean,amount_bias_mm_sd,n_common_pairs
pysteps_patch_cnn,pySTEPS + CNN,60,"[1,5)",0.3535849555194799,0.1645572366244121,156589
pysteps_patch_cnn,pySTEPS + CNN,60,"[5,10)",-1.720723069465984,0.1773698094439364,44623
pysteps_patch_cnn,pySTEPS + CNN,60,"[10,20)",-6.259774025685883,0.2005361617577901,24611
pysteps_patch_cnn,pySTEPS + CNN,60,>=20,-20.69273071532037,0.3260016722122408,9263
pysteps_patch_cnn,pySTEPS + CNN,70,"[1,5)",0.3169778969437658,0.146490226428642,156589
pysteps_patch_cnn,pySTEPS + CNN,70,"[5,10)",-1.975529910934486,0.1534994115794423,44623
pysteps_patch_cnn,pySTEPS + CNN,70,"[10,20)",-6.773943953116073,0.1731658990022428,24611
pysteps_patch_cnn,pySTEPS + CNN,70,>=20,-21.65801511151805,0.284135476226447,9263
pysteps_patch_cnn,pySTEPS + CNN,80,"[1,5)",0.2683503303019353,0.1293694544686648,156589
pysteps_patch_cnn,pySTEPS + CNN,80,"[5,10)",-2.223010719043767,0.1319504157757656,44623
pysteps_patch_cnn,pySTEPS + CNN,80,"[10,20)",-7.253100964335648,0.1516962785028316,24611
pysteps_patch_cnn,pySTEPS + CNN,80,>=20,-22.58962654665061,0.2281883051956816,9263
pysteps_patch_cnn,pySTEPS + CNN,90,"[1,5)",0.2175116450176946,0.113350124001027,156589
pysteps_patch_cnn,pySTEPS + CNN,90,"[5,10)",-2.454389477331078,0.1088100603349336,44623
pysteps_patch_cnn,pySTEPS + CNN,90,"[10,20)",-7.681100004399035,0.1312997675079532,24611
pysteps_patch_cnn,pySTEPS + CNN,90,>=20,-23.42350330350724,0.1914138367130222,9263
pysteps_patch_cnn,pySTEPS + CNN,100,"[1,5)",0.1656505841295641,0.0970554807990625,156589
pysteps_patch_cnn,pySTEPS + CNN,100,"[5,10)",-2.671977989737854,0.0949603539394954,44623
pysteps_patch_cnn,pySTEPS + CNN,100,"[10,20)",-8.078316725220857,0.1161724851550814,24611
pysteps_patch_cnn,pySTEPS + CNN,100,>=20,-24.18004499660073,0.167227931259999,9263
pysteps_patch_cnn,pySTEPS + CNN,110,"[1,5)",0.1140729294570583,0.0833293484842858,156589
pysteps_patch_cnn,pySTEPS + CNN,110,"[5,10)",-2.872149176141984,0.0844326549599956,44623
pysteps_patch_cnn,pySTEPS + CNN,110,"[10,20)",-8.435155860922372,0.1100112726688021,24611
pysteps_patch_cnn,pySTEPS + CNN,110,>=20,-24.84492586715091,0.1520386549876458,9263
pysteps_patch_cnn,pySTEPS + CNN,120,"[1,5)",0.0666624189049189,0.0703260181599738,156589
pysteps_patch_cnn,pySTEPS + CNN,120,"[5,10)",-3.055046427146523,0.0768083689892334,44623
pysteps_patch_cnn,pySTEPS + CNN,120,"[10,20)",-8.766387826729604,0.1047588100916205,24611
pysteps_patch_cnn,pySTEPS + CNN,120,>=20,-25.43678342369025,0.1278996344127531,9263
pysteps_patch_cnn,pySTEPS + CNN,130,"[1,5)",0.0216438105484424,0.0597724759487695,156589
pysteps_patch_cnn,pySTEPS + CNN,130,"[5,10)",-3.226536118130864,0.0760641954300897,44623
pysteps_patch_cnn,pySTEPS + CNN,130,"[10,20)",-9.07355658815213,0.1073420149862121,24611
pysteps_patch_cnn,pySTEPS + CNN,130,>=20,-25.95419338079024,0.1340319409619311,9263
pysteps_patch_cnn,pySTEPS + CNN,140,"[1,5)",-0.0242368496358051,0.0510616485773064,156589
pysteps_patch_cnn,pySTEPS + CNN,140,"[5,10)",-3.385405899555475,0.0782013205318967,44623
pysteps_patch_cnn,pySTEPS + CNN,140,"[10,20)",-9.344401193889274,0.1135796804814786,24611
pysteps_patch_cnn,pySTEPS + CNN,140,>=20,-26.40650772831337,0.1270751749113536,9263
pysteps_patch_cnn,pySTEPS + CNN,150,"[1,5)",-0.0704140697889608,0.0456339103000228,156589
pysteps_patch_cnn,pySTEPS + CNN,150,"[5,10)",-3.534276063488767,0.0831966682002677,44623
pysteps_patch_cnn,pySTEPS + CNN,150,"[10,20)",-9.59473813923278,0.1161608903189503,24611
pysteps_patch_cnn,pySTEPS + CNN,150,>=20,-26.80895370654441,0.1122686898776223,9263
pysteps_patch_cnn,pySTEPS + CNN,160,"[1,5)",-0.1177839429870702,0.0439547900555895,156589
pysteps_patch_cnn,pySTEPS + CNN,160,"[5,10)",-3.67102731049552,0.0892793717401934,44623
pysteps_patch_cnn,pySTEPS + CNN,160,"[10,20)",-9.823214856418332,0.1188985801254423,24611
pysteps_patch_cnn,pySTEPS + CNN,160,>=20,-27.15947282582413,0.1104634423484038,9263
pysteps_patch_cnn,pySTEPS + CNN,170,"[1,5)",-0.1636268522631881,0.0435179666690407,156589
pysteps_patch_cnn,pySTEPS + CNN,170,"[5,10)",-3.796885616097976,0.0957653041639308,44623
pysteps_patch_cnn,pySTEPS + CNN,170,"[10,20)",-10.02533939999344,0.1219020181262164,24611
pysteps_patch_cnn,pySTEPS + CNN,170,>=20,-27.46338337018296,0.1109417929193734,9263
pysteps_patch_cnn,pySTEPS + CNN,180,"[1,5)",-0.2065902524118921,0.046879750539132,156589
pysteps_patch_cnn,pySTEPS + CNN,180,"[5,10)",-3.91804920210895,0.102995558760558,44623
pysteps_patch_cnn,pySTEPS + CNN,180,"[10,20)",-10.21066123032972,0.1304615312485856,24611
pysteps_patch_cnn,pySTEPS + CNN,180,>=20,-27.73798867573326,0.1104962796684238,9263
exprecast_patch_cnn,exPreCast + CNN,60,"[1,5)",1.043312299896037,0.1826419340659489,156589
exprecast_patch_cnn,exPreCast + CNN,60,"[5,10)",-0.232751061704432,0.379717952106343,44623
exprecast_patch_cnn,exPreCast + CNN,60,"[10,20)",-4.26973848014942,0.4983859792035747,24611
exprecast_patch_cnn,exPreCast + CNN,60,>=20,-17.65029887438567,0.5736197846277932,9263
exprecast_patch_cnn,exPreCast + CNN,70,"[1,5)",0.913601400091337,0.1525110323930789,156589
exprecast_patch_cnn,exPreCast + CNN,70,"[5,10)",-0.6119094940574343,0.2939353928064928,44623
exprecast_patch_cnn,exPreCast + CNN,70,"[10,20)",-4.933637961813276,0.3542539267268629,24611
exprecast_patch_cnn,exPreCast + CNN,70,>=20,-18.78748937569267,0.4049226704008295,9263
exprecast_patch_cnn,exPreCast + CNN,80,"[1,5)",0.7327531918015424,0.1622729899279407,156589
exprecast_patch_cnn,exPreCast + CNN,80,"[5,10)",-1.138425602615229,0.3129659019024067,44623
exprecast_patch_cnn,exPreCast + CNN,80,"[10,20)",-5.759530333113308,0.3640120944671812,24611
exprecast_patch_cnn,exPreCast + CNN,80,>=20,-20.06584215066377,0.3970591569001634,9263
exprecast_patch_cnn,exPreCast + CNN,90,"[1,5)",0.5576948236973979,0.1549340667333946,156589
exprecast_patch_cnn,exPreCast + CNN,90,"[5,10)",-1.628760257115384,0.3066610601132883,44623
exprecast_patch_cnn,exPreCast + CNN,90,"[10,20)",-6.523587260399275,0.3650770964989671,24611
exprecast_patch_cnn,exPreCast + CNN,90,>=20,-21.27148369501501,0.40120887717211,9263
exprecast_patch_cnn,exPreCast + CNN,100,"[1,5)",0.4250593058627253,0.1426966103641228,156589
exprecast_patch_cnn,exPreCast + CNN,100,"[5,10)",-1.991061968291516,0.2869456230747368,44623
exprecast_patch_cnn,exPreCast + CNN,100,"[10,20)",-7.094776470035062,0.3479033778509993,24611
exprecast_patch_cnn,exPreCast + CNN,100,>=20,-22.25248003704361,0.389674728636774,9263
exprecast_patch_cnn,exPreCast + CNN,110,"[1,5)",0.3515828370760714,0.1297514002207229,156589
exprecast_patch_cnn,exPreCast + CNN,110,"[5,10)",-2.210027409823033,0.2526312549957151,44623
exprecast_patch_cnn,exPreCast + CNN,110,"[10,20)",-7.470991627891305,0.3027063965059423,24611
exprecast_patch_cnn,exPreCast + CNN,110,>=20,-22.94730744054213,0.3245461604989079,9263
exprecast_patch_cnn,exPreCast + CNN,120,"[1,5)",0.3189617620209277,0.1157582126035671,156589
exprecast_patch_cnn,exPreCast + CNN,120,"[5,10)",-2.357756126196701,0.2208053133256425,44623
exprecast_patch_cnn,exPreCast + CNN,120,"[10,20)",-7.74822771634959,0.2593370759873444,24611
exprecast_patch_cnn,exPreCast + CNN,120,>=20,-23.50361504188056,0.2702669486446916,9263
exprecast_patch_cnn,exPreCast + CNN,130,"[1,5)",0.2639926079933393,0.1238385896001246,156589
exprecast_patch_cnn,exPreCast + CNN,130,"[5,10)",-2.549548398289954,0.2391684012232452,44623
exprecast_patch_cnn,exPreCast + CNN,130,"[10,20)",-8.067998717714156,0.2868046336029369,24611
exprecast_patch_cnn,exPreCast + CNN,130,>=20,-24.07056706113588,0.3061909156670292,9263
exprecast_patch_cnn,exPreCast + CNN,140,"[1,5)",0.2432233190426467,0.1127218785592974,156589
exprecast_patch_cnn,exPreCast + CNN,140,"[5,10)",-2.671043330121048,0.2166925156110099,44623
exprecast_patch_cnn,exPreCast + CNN,140,"[10,20)",-8.288628520836152,0.2627450923980646,24611
exprecast_patch_cnn,exPreCast + CNN,140,>=20,-24.48920878144337,0.2837981597736481,9263
exprecast_patch_cnn,exPreCast + CNN,150,"[1,5)",0.2323256989774735,0.1076978389685824,156589
exprecast_patch_cnn,exPreCast + CNN,150,"[5,10)",-2.762364473854323,0.2040937827331854,44623
exprecast_patch_cnn,exPreCast + CNN,150,"[10,20)",-8.464019227841318,0.244196621478535,24611
exprecast_patch_cnn,exPreCast + CNN,150,>=20,-24.82001787431595,0.258178364247371,9263
exprecast_patch_cnn,exPreCast + CNN,160,"[1,5)",0.210214294276945,0.1165850059704774,156589
exprecast_patch_cnn,exPreCast + CNN,160,"[5,10)",-2.869895568268452,0.2160991615337241,44623
exprecast_patch_cnn,exPreCast + CNN,160,"[10,20)",-8.638425585162274,0.2576034207370494,24611
exprecast_patch_cnn,exPreCast + CNN,160,>=20,-25.13621037278094,0.2737244436127238,9263
exprecast_patch_cnn,exPreCast + CNN,170,"[1,5)",0.2092074391664594,0.0989646107884519,156589
exprecast_patch_cnn,exPreCast + CNN,170,"[5,10)",-2.922408128719924,0.1803381729024959,44623
exprecast_patch_cnn,exPreCast + CNN,170,"[10,20)",-8.747829151397688,0.2142714593548286,24611
exprecast_patch_cnn,exPreCast + CNN,170,>=20,-25.3788688904976,0.2276665056258618,9263
exprecast_patch_cnn,exPreCast + CNN,180,"[1,5)",0.1634271339084139,0.1064273558647916,156589
exprecast_patch_cnn,exPreCast + CNN,180,"[5,10)",-3.055410344746237,0.1914741342038255,44623
exprecast_patch_cnn,exPreCast + CNN,180,"[10,20)",-8.951098662358023,0.226761875895,24611
exprecast_patch_cnn,exPreCast + CNN,180,>=20,-25.68816194538077,0.2369222957274416,9263
direct_r2p,Direct R2P,60,"[1,5)",0.5559319094418411,0.0732168817444459,156589
direct_r2p,Direct R2P,60,"[5,10)",-0.1370978026281827,0.3020819067020061,44623
direct_r2p,Direct R2P,60,"[10,20)",-2.47670644425565,0.8134369863722646,24611
direct_r2p,Direct R2P,60,>=20,-11.77872592639535,1.70913731759831,9263
direct_r2p,Direct R2P,70,"[1,5)",0.5834223366482147,0.0702941602136853,156589
direct_r2p,Direct R2P,70,"[5,10)",-0.3332956243937506,0.2744147698844882,44623
direct_r2p,Direct R2P,70,"[10,20)",-3.103644134935902,0.7622295091137693,24611
direct_r2p,Direct R2P,70,>=20,-13.56748804681792,1.624988128775342,9263
direct_r2p,Direct R2P,80,"[1,5)",0.5932640773732706,0.0877634728370676,156589
direct_r2p,Direct R2P,80,"[5,10)",-0.5704881713631478,0.2413998478697011,44623
direct_r2p,Direct R2P,80,"[10,20)",-3.787616225519928,0.6544719116488371,24611
direct_r2p,Direct R2P,80,>=20,-15.3554398674196,1.439989309384321,9263
direct_r2p,Direct R2P,90,"[1,5)",0.5900249632640341,0.1135769329348233,156589
direct_r2p,Direct R2P,90,"[5,10)",-0.8217004682416489,0.2036909478039721,44623
direct_r2p,Direct R2P,90,"[10,20)",-4.459082606347917,0.4892673757949896,24611
direct_r2p,Direct R2P,90,>=20,-17.03164597584424,1.145674177403343,9263
direct_r2p,Direct R2P,100,"[1,5)",0.5758583689291601,0.1250196087876353,156589
direct_r2p,Direct R2P,100,"[5,10)",-1.080548039654572,0.1902443363538904,44623
direct_r2p,Direct R2P,100,"[10,20)",-5.082872486819428,0.3828593681954446,24611
direct_r2p,Direct R2P,100,>=20,-18.48263991836114,0.9153731718505844,9263
direct_r2p,Direct R2P,110,"[1,5)",0.5619854842986368,0.1484850259624988,156589
direct_r2p,Direct R2P,110,"[5,10)",-1.313669137835511,0.200063359610103,44623
direct_r2p,Direct R2P,110,"[10,20)",-5.630931973809315,0.3270689357970789,24611
direct_r2p,Direct R2P,110,>=20,-19.72997173234864,0.7112121896938215,9263
direct_r2p,Direct R2P,120,"[1,5)",0.5449583205531247,0.1608232658202479,156589
direct_r2p,Direct R2P,120,"[5,10)",-1.538275618733006,0.212906150295032,44623
direct_r2p,Direct R2P,120,"[10,20)",-6.11540294652038,0.3199741955490986,24611
direct_r2p,Direct R2P,120,>=20,-20.81847416862543,0.5583259242560403,9263
direct_r2p,Direct R2P,130,"[1,5)",0.5205721596276252,0.1806694091376574,156589
direct_r2p,Direct R2P,130,"[5,10)",-1.749817289452483,0.2423927973964685,44623
direct_r2p,Direct R2P,130,"[10,20)",-6.552105756795577,0.3432449134862974,24611
direct_r2p,Direct R2P,130,>=20,-21.74554576679537,0.4773035428330923,9263
direct_r2p,Direct R2P,140,"[1,5)",0.4990311822113565,0.1866002121597591,156589
direct_r2p,Direct R2P,140,"[5,10)",-1.938704626071634,0.2650467452876608,44623
direct_r2p,Direct R2P,140,"[10,20)",-6.940521758611449,0.3601609780374041,24611
direct_r2p,Direct R2P,140,>=20,-22.5318794057962,0.4142410575768419,9263
direct_r2p,Direct R2P,150,"[1,5)",0.4779887374109784,0.203428242429901,156589
direct_r2p,Direct R2P,150,"[5,10)",-2.11616261529376,0.2914016532259225,44623
direct_r2p,Direct R2P,150,"[10,20)",-7.284718776917194,0.3877664719527313,24611
direct_r2p,Direct R2P,150,>=20,-23.18532583149981,0.4145703086248358,9263
direct_r2p,Direct R2P,160,"[1,5)",0.4608841704999022,0.2059286520974294,156589
direct_r2p,Direct R2P,160,"[5,10)",-2.281893696682406,0.3032911925695206,44623
direct_r2p,Direct R2P,160,"[10,20)",-7.599357971672589,0.3919553404450427,24611
direct_r2p,Direct R2P,160,>=20,-23.72264255133448,0.4185507583999237,9263
direct_r2p,Direct R2P,170,"[1,5)",0.4358970884908412,0.2128490984062545,156589
direct_r2p,Direct R2P,170,"[5,10)",-2.45166915441329,0.3187018968338477,44623
direct_r2p,Direct R2P,170,"[10,20)",-7.896387671235339,0.3974703674721287,24611
direct_r2p,Direct R2P,170,>=20,-24.20591884690803,0.4504243811371448,9263
direct_r2p,Direct R2P,180,"[1,5)",0.4115624436674563,0.2074622431868579,156589
direct_r2p,Direct R2P,180,"[5,10)",-2.604101727974986,0.3198412090184979,44623
direct_r2p,Direct R2P,180,"[10,20)",-8.16731551083094,0.3879226904857041,24611
direct_r2p,Direct R2P,180,>=20,-24.62412355600674,0.4509158776914849,9263
