route,route_label,replicate,aggregation,bootstrap_reps,bootstrap_unit,ci_definition,lead_min,metric,x_index,x_label,bin_low_mm,bin_high_mm,threshold_mm,estimate,ci_low,ci_high,n_common_pairs,n_observed_events
observed_hsr,Observed HSR + Fixed M–P (valid-time reference),not_applicable,single_run,5000,paired KST issuance date,2.5th–97.5th percentile,60,conditional_mean_error,0,1–5,1,5,,-0.3601217013386039,-0.4358551512163219,-0.2874222857393051,156589,
observed_hsr,Observed HSR + Fixed M–P (valid-time reference),not_applicable,single_run,5000,paired KST issuance date,2.5th–97.5th percentile,60,conditional_mean_error,1,5–10,5,10,,-2.338282035152241,-2.499142606628009,-2.176642604031867,44623,
observed_hsr,Observed HSR + Fixed M–P (valid-time reference),not_applicable,single_run,5000,paired KST issuance date,2.5th–97.5th percentile,60,conditional_mean_error,2,10–20,10,20,,-5.81030100862076,-6.045924397237079,-5.590829460880601,24611,
observed_hsr,Observed HSR + Fixed M–P (valid-time reference),not_applicable,single_run,5000,paired KST issuance date,2.5th–97.5th percentile,60,conditional_mean_error,3,≥20,20,,,-15.12688254451066,-16.13685048642277,-14.20708494065766,9263,
observed_hsr,Observed HSR + Fixed M–P (valid-time reference),not_applicable,single_run,5000,paired KST issuance date,2.5th–97.5th percentile,120,conditional_mean_error,0,1–5,1,5,,-0.3601217013386039,-0.4358983299821026,-0.2877061095881597,156589,
observed_hsr,Observed HSR + Fixed M–P (valid-time reference),not_applicable,single_run,5000,paired KST issuance date,2.5th–97.5th percentile,120,conditional_mean_error,1,5–10,5,10,,-2.338282035152241,-2.49580446650006,-2.178251807776082,44623,
observed_hsr,Observed HSR + Fixed M–P (valid-time reference),not_applicable,single_run,5000,paired KST issuance date,2.5th–97.5th percentile,120,conditional_mean_error,2,10–20,10,20,,-5.81030100862076,-6.043636211873222,-5.591258362924691,24611,
observed_hsr,Observed HSR + Fixed M–P (valid-time reference),not_applicable,single_run,5000,paired KST issuance date,2.5th–97.5th percentile,120,conditional_mean_error,3,≥20,20,,,-15.12688254451066,-16.06248235502831,-14.28344963447846,9263,
observed_hsr,Observed HSR + Fixed M–P (valid-time reference),not_applicable,single_run,5000,paired KST issuance date,2.5th–97.5th percentile,180,conditional_mean_error,0,1–5,1,5,,-0.3601217013386039,-0.4366529029430436,-0.2870864499721281,156589,
observed_hsr,Observed HSR + Fixed M–P (valid-time reference),not_applicable,single_run,5000,paired KST issuance date,2.5th–97.5th percentile,180,conditional_mean_error,1,5–10,5,10,,-2.338282035152241,-2.497785853238477,-2.176947754266131,44623,
observed_hsr,Observed HSR + Fixed M–P (valid-time reference),not_applicable,single_run,5000,paired KST issuance date,2.5th–97.5th percentile,180,conditional_mean_error,2,10–20,10,20,,-5.81030100862076,-6.044205362992119,-5.588033305250352,24611,
observed_hsr,Observed HSR + Fixed M–P (valid-time reference),not_applicable,single_run,5000,paired KST issuance date,2.5th–97.5th percentile,180,conditional_mean_error,3,≥20,20,,,-15.12688254451066,-16.02942570047031,-14.3171123944877,9263,
observed_hsr,Observed HSR + Fixed M–P (valid-time reference),not_applicable,single_run,5000,paired KST issuance date,2.5th–97.5th percentile,60,frequency_bias,0,1,,,1,0.888857694630901,0.858852543749936,0.9187688890932376,4408654,235086
observed_hsr,Observed HSR + Fixed M–P (valid-time reference),not_applicable,single_run,5000,paired KST issuance date,2.5th–97.5th percentile,60,frequency_bias,1,5,,,5,0.6546747009439852,0.6195714879664855,0.6919536145112782,4408654,78497
observed_hsr,Observed HSR + Fixed M–P (valid-time reference),not_applicable,single_run,5000,paired KST issuance date,2.5th–97.5th percentile,60,frequency_bias,2,10,,,10,0.4314813721438271,0.3913532039524716,0.47378739895428,4408654,33874
observed_hsr,Observed HSR + Fixed M–P (valid-time reference),not_applicable,single_run,5000,paired KST issuance date,2.5th–97.5th percentile,60,frequency_bias,3,20,,,20,0.2651408830832343,0.223552307150405,0.3072530627877263,4408654,9263
observed_hsr,Observed HSR + Fixed M–P (valid-time reference),not_applicable,single_run,5000,paired KST issuance date,2.5th–97.5th percentile,120,frequency_bias,0,1,,,1,0.888857694630901,0.8587707256738175,0.9186327095462572,4408597,235086
observed_hsr,Observed HSR + Fixed M–P (valid-time reference),not_applicable,single_run,5000,paired KST issuance date,2.5th–97.5th percentile,120,frequency_bias,1,5,,,5,0.6546747009439852,0.6193511712232711,0.6916846125688956,4408597,78497
observed_hsr,Observed HSR + Fixed M–P (valid-time reference),not_applicable,single_run,5000,paired KST issuance date,2.5th–97.5th percentile,120,frequency_bias,2,10,,,10,0.4314813721438271,0.3913796869295466,0.4736880447245034,4408597,33874
observed_hsr,Observed HSR + Fixed M–P (valid-time reference),not_applicable,single_run,5000,paired KST issuance date,2.5th–97.5th percentile,120,frequency_bias,3,20,,,20,0.2651408830832343,0.2255126961087718,0.3065178028392522,4408597,9263
observed_hsr,Observed HSR + Fixed M–P (valid-time reference),not_applicable,single_run,5000,paired KST issuance date,2.5th–97.5th percentile,180,frequency_bias,0,1,,,1,0.888857694630901,0.85904285824179,0.9185058951706996,4408548,235086
observed_hsr,Observed HSR + Fixed M–P (valid-time reference),not_applicable,single_run,5000,paired KST issuance date,2.5th–97.5th percentile,180,frequency_bias,1,5,,,5,0.6546747009439852,0.6199853324785255,0.6913663406609273,4408548,78497
observed_hsr,Observed HSR + Fixed M–P (valid-time reference),not_applicable,single_run,5000,paired KST issuance date,2.5th–97.5th percentile,180,frequency_bias,2,10,,,10,0.4314813721438271,0.3924123674471034,0.4733956345657303,4408548,33874
observed_hsr,Observed HSR + Fixed M–P (valid-time reference),not_applicable,single_run,5000,paired KST issuance date,2.5th–97.5th percentile,180,frequency_bias,3,20,,,20,0.2651408830832343,0.2246520601750172,0.306310594511151,4408548,9263
pysteps_mlp,pySTEPS + Patch MLP,0|1|2,mean_of_replicate_metrics,5000,paired KST issuance date,2.5th–97.5th percentile,60,conditional_mean_error,0,1–5,1,5,,-0.0252246835157697,-0.1287384008625764,0.0699744059784827,156589,
pysteps_mlp,pySTEPS + Patch MLP,0|1|2,mean_of_replicate_metrics,5000,paired KST issuance date,2.5th–97.5th percentile,60,conditional_mean_error,1,5–10,5,10,,-1.66415014739926,-1.901697255774979,-1.458718843664362,44623,
pysteps_mlp,pySTEPS + Patch MLP,0|1|2,mean_of_replicate_metrics,5000,paired KST issuance date,2.5th–97.5th percentile,60,conditional_mean_error,2,10–20,10,20,,-5.411414450487516,-5.811986345556094,-5.074831727046598,24611,
pysteps_mlp,pySTEPS + Patch MLP,0|1|2,mean_of_replicate_metrics,5000,paired KST issuance date,2.5th–97.5th percentile,60,conditional_mean_error,3,≥20,20,,,-18.27654583042569,-19.30171634482092,-17.20383360471338,9263,
pysteps_mlp,pySTEPS + Patch MLP,0|1|2,mean_of_replicate_metrics,5000,paired KST issuance date,2.5th–97.5th percentile,120,conditional_mean_error,0,1–5,1,5,,-0.4579061233690318,-0.5762279150518959,-0.3514724113106276,156589,
pysteps_mlp,pySTEPS + Patch MLP,0|1|2,mean_of_replicate_metrics,5000,paired KST issuance date,2.5th–97.5th percentile,120,conditional_mean_error,1,5–10,5,10,,-3.826551394815969,-4.087639211441287,-3.611259878990595,44623,
pysteps_mlp,pySTEPS + Patch MLP,0|1|2,mean_of_replicate_metrics,5000,paired KST issuance date,2.5th–97.5th percentile,120,conditional_mean_error,2,10–20,10,20,,-9.749333085848848,-10.133868796234,-9.419822281866235,24611,
pysteps_mlp,pySTEPS + Patch MLP,0|1|2,mean_of_replicate_metrics,5000,paired KST issuance date,2.5th–97.5th percentile,120,conditional_mean_error,3,≥20,20,,,-26.64227631757077,-27.61402823012664,-25.51711817874597,9263,
pysteps_mlp,pySTEPS + Patch MLP,0|1|2,mean_of_replicate_metrics,5000,paired KST issuance date,2.5th–97.5th percentile,180,conditional_mean_error,0,1–5,1,5,,-0.8739501938274307,-0.9835666848819716,-0.7760760258704322,156589,
pysteps_mlp,pySTEPS + Patch MLP,0|1|2,mean_of_replicate_metrics,5000,paired KST issuance date,2.5th–97.5th percentile,180,conditional_mean_error,1,5–10,5,10,,-4.916369956045984,-5.126897655799013,-4.737977597255071,44623,
pysteps_mlp,pySTEPS + Patch MLP,0|1|2,mean_of_replicate_metrics,5000,paired KST issuance date,2.5th–97.5th percentile,180,conditional_mean_error,2,10–20,10,20,,-11.3534691647742,-11.65111398114594,-11.08704400156449,24611,
pysteps_mlp,pySTEPS + Patch MLP,0|1|2,mean_of_replicate_metrics,5000,paired KST issuance date,2.5th–97.5th percentile,180,conditional_mean_error,3,≥20,20,,,-28.94069782462167,-29.89301348307005,-27.77592433658031,9263,
pysteps_mlp,pySTEPS + Patch MLP,0|1|2,mean_of_replicate_metrics,5000,paired KST issuance date,2.5th–97.5th percentile,60,frequency_bias,0,1,,,1,0.8463952199053396,0.8174689967321985,0.8716734942192722,4408654,235086
pysteps_mlp,pySTEPS + Patch MLP,0|1|2,mean_of_replicate_metrics,5000,paired KST issuance date,2.5th–97.5th percentile,60,frequency_bias,1,5,,,5,0.7948584022319324,0.7525398028240213,0.8339791734676276,4408654,78497
pysteps_mlp,pySTEPS + Patch MLP,0|1|2,mean_of_replicate_metrics,5000,paired KST issuance date,2.5th–97.5th percentile,60,frequency_bias,2,10,,,10,0.6012772824782036,0.5611253436003238,0.6388681193591111,4408654,33874
pysteps_mlp,pySTEPS + Patch MLP,0|1|2,mean_of_replicate_metrics,5000,paired KST issuance date,2.5th–97.5th percentile,60,frequency_bias,3,20,,,20,0.2250530785562632,0.186972253049342,0.2635018319930928,4408654,9263
pysteps_mlp,pySTEPS + Patch MLP,0|1|2,mean_of_replicate_metrics,5000,paired KST issuance date,2.5th–97.5th percentile,120,frequency_bias,0,1,,,1,0.7494562273664389,0.7104642951582226,0.7830831640282423,4408597,235086
pysteps_mlp,pySTEPS + Patch MLP,0|1|2,mean_of_replicate_metrics,5000,paired KST issuance date,2.5th–97.5th percentile,120,frequency_bias,1,5,,,5,0.4873477118021496,0.4410498665478725,0.531790448335516,4408597,78497
pysteps_mlp,pySTEPS + Patch MLP,0|1|2,mean_of_replicate_metrics,5000,paired KST issuance date,2.5th–97.5th percentile,120,frequency_bias,2,10,,,10,0.1419672905473224,0.1141897241823201,0.169449938507179,4408597,33874
pysteps_mlp,pySTEPS + Patch MLP,0|1|2,mean_of_replicate_metrics,5000,paired KST issuance date,2.5th–97.5th percentile,120,frequency_bias,3,20,,,20,0.0062254849040987,0.0037357890811992,0.0087828159439332,4408597,9263
pysteps_mlp,pySTEPS + Patch MLP,0|1|2,mean_of_replicate_metrics,5000,paired KST issuance date,2.5th–97.5th percentile,180,frequency_bias,0,1,,,1,0.6604462480397245,0.6167784379421363,0.6990930285358399,4408548,235086
pysteps_mlp,pySTEPS + Patch MLP,0|1|2,mean_of_replicate_metrics,5000,paired KST issuance date,2.5th–97.5th percentile,180,frequency_bias,1,5,,,5,0.263725577622924,0.222742943305003,0.3050097746862605,4408548,78497
pysteps_mlp,pySTEPS + Patch MLP,0|1|2,mean_of_replicate_metrics,5000,paired KST issuance date,2.5th–97.5th percentile,180,frequency_bias,2,10,,,10,0.0377378914014681,0.0269983626169072,0.0482578226045175,4408548,33874
pysteps_mlp,pySTEPS + Patch MLP,0|1|2,mean_of_replicate_metrics,5000,paired KST issuance date,2.5th–97.5th percentile,180,frequency_bias,3,20,,,20,0.000899636546835,0.0004897510842635,0.001396823066603,4408548,9263
exprecast_mlp,exPreCast + Patch MLP,0|1|2,mean_of_replicate_metrics,5000,paired KST issuance date,2.5th–97.5th percentile,60,conditional_mean_error,0,1–5,1,5,,0.2291190216006648,0.1043022051828407,0.3453169566569469,156589,
exprecast_mlp,exPreCast + Patch MLP,0|1|2,mean_of_replicate_metrics,5000,paired KST issuance date,2.5th–97.5th percentile,60,conditional_mean_error,1,5–10,5,10,,-0.9359078270971064,-1.246976011277514,-0.6626015196418239,44623,
exprecast_mlp,exPreCast + Patch MLP,0|1|2,mean_of_replicate_metrics,5000,paired KST issuance date,2.5th–97.5th percentile,60,conditional_mean_error,2,10–20,10,20,,-4.488978196459974,-4.978421373762416,-4.077087372863355,24611,
exprecast_mlp,exPreCast + Patch MLP,0|1|2,mean_of_replicate_metrics,5000,paired KST issuance date,2.5th–97.5th percentile,60,conditional_mean_error,3,≥20,20,,,-16.47333154705285,-17.35501093530306,-15.56016584714736,9263,
exprecast_mlp,exPreCast + Patch MLP,0|1|2,mean_of_replicate_metrics,5000,paired KST issuance date,2.5th–97.5th percentile,120,conditional_mean_error,0,1–5,1,5,,-0.1784832939441597,-0.3304140361424804,-0.0402007285539428,156589,
exprecast_mlp,exPreCast + Patch MLP,0|1|2,mean_of_replicate_metrics,5000,paired KST issuance date,2.5th–97.5th percentile,120,conditional_mean_error,1,5–10,5,10,,-2.931474781090518,-3.281313794354316,-2.634805712501583,44623,
exprecast_mlp,exPreCast + Patch MLP,0|1|2,mean_of_replicate_metrics,5000,paired KST issuance date,2.5th–97.5th percentile,120,conditional_mean_error,2,10–20,10,20,,-8.409106679703024,-8.944710977311477,-7.979058842010248,24611,
exprecast_mlp,exPreCast + Patch MLP,0|1|2,mean_of_replicate_metrics,5000,paired KST issuance date,2.5th–97.5th percentile,120,conditional_mean_error,3,≥20,20,,,-24.18748831792289,-25.03499849217271,-23.26081556131084,9263,
exprecast_mlp,exPreCast + Patch MLP,0|1|2,mean_of_replicate_metrics,5000,paired KST issuance date,2.5th–97.5th percentile,180,conditional_mean_error,0,1–5,1,5,,-0.5909079969382637,-0.7458459179350132,-0.4493951875861941,156589,
exprecast_mlp,exPreCast + Patch MLP,0|1|2,mean_of_replicate_metrics,5000,paired KST issuance date,2.5th–97.5th percentile,180,conditional_mean_error,1,5–10,5,10,,-4.189817116001199,-4.500461215065267,-3.92685932218104,44623,
exprecast_mlp,exPreCast + Patch MLP,0|1|2,mean_of_replicate_metrics,5000,paired KST issuance date,2.5th–97.5th percentile,180,conditional_mean_error,2,10–20,10,20,,-10.35393103047239,-10.78217644395839,-9.99984932759617,24611,
exprecast_mlp,exPreCast + Patch MLP,0|1|2,mean_of_replicate_metrics,5000,paired KST issuance date,2.5th–97.5th percentile,180,conditional_mean_error,3,≥20,20,,,-27.43613536905515,-28.26648026242777,-26.47741585471486,9263,
exprecast_mlp,exPreCast + Patch MLP,0|1|2,mean_of_replicate_metrics,5000,paired KST issuance date,2.5th–97.5th percentile,60,frequency_bias,0,1,,,1,0.866309917788951,0.8369389464834683,0.8923759036748653,4408654,235086
exprecast_mlp,exPreCast + Patch MLP,0|1|2,mean_of_replicate_metrics,5000,paired KST issuance date,2.5th–97.5th percentile,60,frequency_bias,1,5,,,5,0.8953208402868899,0.8485877969935939,0.9367681605864032,4408654,78497
exprecast_mlp,exPreCast + Patch MLP,0|1|2,mean_of_replicate_metrics,5000,paired KST issuance date,2.5th–97.5th percentile,60,frequency_bias,2,10,,,10,0.7888252543740529,0.7397439304802312,0.8342579433398599,4408654,33874
exprecast_mlp,exPreCast + Patch MLP,0|1|2,mean_of_replicate_metrics,5000,paired KST issuance date,2.5th–97.5th percentile,60,frequency_bias,3,20,,,20,0.4010579725790781,0.355634725393057,0.4446390257304019,4408654,9263
exprecast_mlp,exPreCast + Patch MLP,0|1|2,mean_of_replicate_metrics,5000,paired KST issuance date,2.5th–97.5th percentile,120,frequency_bias,0,1,,,1,0.7451032104563153,0.6995937314635885,0.7842089087144113,4408597,235086
exprecast_mlp,exPreCast + Patch MLP,0|1|2,mean_of_replicate_metrics,5000,paired KST issuance date,2.5th–97.5th percentile,120,frequency_bias,1,5,,,5,0.6678004679584357,0.6087239625651086,0.7206673766783583,4408597,78497
exprecast_mlp,exPreCast + Patch MLP,0|1|2,mean_of_replicate_metrics,5000,paired KST issuance date,2.5th–97.5th percentile,120,frequency_bias,2,10,,,10,0.3420420775029029,0.2914360418136339,0.3886048306555846,4408597,33874
exprecast_mlp,exPreCast + Patch MLP,0|1|2,mean_of_replicate_metrics,5000,paired KST issuance date,2.5th–97.5th percentile,120,frequency_bias,3,20,,,20,0.0541581201194717,0.0327720383313753,0.0807118170730279,4408597,9263
exprecast_mlp,exPreCast + Patch MLP,0|1|2,mean_of_replicate_metrics,5000,paired KST issuance date,2.5th–97.5th percentile,180,frequency_bias,0,1,,,1,0.6735861202567004,0.6139229512378789,0.7252941347223614,4408548,235086
exprecast_mlp,exPreCast + Patch MLP,0|1|2,mean_of_replicate_metrics,5000,paired KST issuance date,2.5th–97.5th percentile,180,frequency_bias,1,5,,,5,0.4519620707373105,0.3882251732794957,0.5125129677284946,4408548,78497
exprecast_mlp,exPreCast + Patch MLP,0|1|2,mean_of_replicate_metrics,5000,paired KST issuance date,2.5th–97.5th percentile,180,frequency_bias,2,10,,,10,0.0798645962488437,0.0550904936878539,0.1067947176767661,4408548,33874
exprecast_mlp,exPreCast + Patch MLP,0|1|2,mean_of_replicate_metrics,5000,paired KST issuance date,2.5th–97.5th percentile,180,frequency_bias,3,20,,,20,0.0045341681960487,0.0007710642668752,0.0093085778761564,4408548,9263
direct_r2p,Direct R2P,0|1|2,mean_of_replicate_metrics,5000,paired KST issuance date,2.5th–97.5th percentile,60,conditional_mean_error,0,1–5,1,5,,0.5559319094418411,0.4333230011465501,0.6731835209734283,156589,
direct_r2p,Direct R2P,0|1|2,mean_of_replicate_metrics,5000,paired KST issuance date,2.5th–97.5th percentile,60,conditional_mean_error,1,5–10,5,10,,-0.1370978026281827,-0.4804029260544979,0.2046393915014194,44623,
direct_r2p,Direct R2P,0|1|2,mean_of_replicate_metrics,5000,paired KST issuance date,2.5th–97.5th percentile,60,conditional_mean_error,2,10–20,10,20,,-2.47670644425565,-3.076462959732603,-1.92445388576906,24611,
direct_r2p,Direct R2P,0|1|2,mean_of_replicate_metrics,5000,paired KST issuance date,2.5th–97.5th percentile,60,conditional_mean_error,3,≥20,20,,,-11.77872592639535,-12.81542988310143,-10.74048435230897,9263,
direct_r2p,Direct R2P,0|1|2,mean_of_replicate_metrics,5000,paired KST issuance date,2.5th–97.5th percentile,120,conditional_mean_error,0,1–5,1,5,,0.5449583205531247,0.3744373063840622,0.7039547955177585,156589,
direct_r2p,Direct R2P,0|1|2,mean_of_replicate_metrics,5000,paired KST issuance date,2.5th–97.5th percentile,120,conditional_mean_error,1,5–10,5,10,,-1.538275618733006,-1.93122297302705,-1.172449781244711,44623,
direct_r2p,Direct R2P,0|1|2,mean_of_replicate_metrics,5000,paired KST issuance date,2.5th–97.5th percentile,120,conditional_mean_error,2,10–20,10,20,,-6.11540294652038,-6.725547983537896,-5.599495690766212,24611,
direct_r2p,Direct R2P,0|1|2,mean_of_replicate_metrics,5000,paired KST issuance date,2.5th–97.5th percentile,120,conditional_mean_error,3,≥20,20,,,-20.81847416862543,-21.76452206212777,-19.78350768283216,9263,
direct_r2p,Direct R2P,0|1|2,mean_of_replicate_metrics,5000,paired KST issuance date,2.5th–97.5th percentile,180,conditional_mean_error,0,1–5,1,5,,0.4115624436674563,0.2169967964039257,0.5898229471663747,156589,
direct_r2p,Direct R2P,0|1|2,mean_of_replicate_metrics,5000,paired KST issuance date,2.5th–97.5th percentile,180,conditional_mean_error,1,5–10,5,10,,-2.604101727974986,-2.984224723302251,-2.249278925623547,44623,
direct_r2p,Direct R2P,0|1|2,mean_of_replicate_metrics,5000,paired KST issuance date,2.5th–97.5th percentile,180,conditional_mean_error,2,10–20,10,20,,-8.16731551083094,-8.712063373995688,-7.718206207394938,24611,
direct_r2p,Direct R2P,0|1|2,mean_of_replicate_metrics,5000,paired KST issuance date,2.5th–97.5th percentile,180,conditional_mean_error,3,≥20,20,,,-24.62412355600674,-25.55492125638597,-23.59746289836672,9263,
direct_r2p,Direct R2P,0|1|2,mean_of_replicate_metrics,5000,paired KST issuance date,2.5th–97.5th percentile,60,frequency_bias,0,1,,,1,1.088211689906389,1.060762596775206,1.115511086131024,4408654,235086
direct_r2p,Direct R2P,0|1|2,mean_of_replicate_metrics,5000,paired KST issuance date,2.5th–97.5th percentile,60,frequency_bias,1,5,,,5,1.032162587954529,0.9795995265845914,1.081721317089904,4408654,78497
direct_r2p,Direct R2P,0|1|2,mean_of_replicate_metrics,5000,paired KST issuance date,2.5th–97.5th percentile,60,frequency_bias,2,10,,,10,0.9451595127039422,0.8743674543982636,1.016875642369873,4408654,33874
direct_r2p,Direct R2P,0|1|2,mean_of_replicate_metrics,5000,paired KST issuance date,2.5th–97.5th percentile,60,frequency_bias,3,20,,,20,0.7598330274569074,0.6732385836487373,0.8462948583049542,4408654,9263
direct_r2p,Direct R2P,0|1|2,mean_of_replicate_metrics,5000,paired KST issuance date,2.5th–97.5th percentile,120,frequency_bias,0,1,,,1,1.200224598657513,1.159317134359642,1.241289527743132,4408597,235086
direct_r2p,Direct R2P,0|1|2,mean_of_replicate_metrics,5000,paired KST issuance date,2.5th–97.5th percentile,120,frequency_bias,1,5,,,5,0.9340314491848946,0.8641768387013367,1.001383608723727,4408597,78497
direct_r2p,Direct R2P,0|1|2,mean_of_replicate_metrics,5000,paired KST issuance date,2.5th–97.5th percentile,120,frequency_bias,2,10,,,10,0.6846548975615515,0.6062523885228597,0.760792592156929,4408597,33874
direct_r2p,Direct R2P,0|1|2,mean_of_replicate_metrics,5000,paired KST issuance date,2.5th–97.5th percentile,120,frequency_bias,3,20,,,20,0.2483356723883551,0.2066586083206371,0.2915988544365712,4408597,9263
direct_r2p,Direct R2P,0|1|2,mean_of_replicate_metrics,5000,paired KST issuance date,2.5th–97.5th percentile,180,frequency_bias,0,1,,,1,1.343533855695362,1.282736005492135,1.404964803528554,4408548,235086
direct_r2p,Direct R2P,0|1|2,mean_of_replicate_metrics,5000,paired KST issuance date,2.5th–97.5th percentile,180,frequency_bias,1,5,,,5,0.8513318980343199,0.7745662157619341,0.9269069161976722,4408548,78497
direct_r2p,Direct R2P,0|1|2,mean_of_replicate_metrics,5000,paired KST issuance date,2.5th–97.5th percentile,180,frequency_bias,2,10,,,10,0.4702820255456495,0.4019847526224254,0.5382579818338018,4408548,33874
direct_r2p,Direct R2P,0|1|2,mean_of_replicate_metrics,5000,paired KST issuance date,2.5th–97.5th percentile,180,frequency_bias,3,20,,,20,0.0665731044657958,0.048370440887326,0.0874489317078293,4408548,9263
