route,route_label,lead_min,threshold_mm,frequency_bias_mean,frequency_bias_sd,n_observed_events
pysteps_patch_cnn,pySTEPS + CNN,60,1,1.163633734037756,0.1031075142328073,235086
pysteps_patch_cnn,pySTEPS + CNN,60,5,0.8578459474035101,0.0546042907626058,78497
pysteps_patch_cnn,pySTEPS + CNN,60,10,0.4140245222491193,0.0356827793398606,33874
pysteps_patch_cnn,pySTEPS + CNN,60,20,0.0172730216992335,0.0111195077188815,9263
pysteps_patch_cnn,pySTEPS + CNN,70,1,1.154465458030962,0.0990946381793135,235086
pysteps_patch_cnn,pySTEPS + CNN,70,5,0.8263627909346853,0.0477256956512489,78497
pysteps_patch_cnn,pySTEPS + CNN,70,10,0.3716911692350081,0.033580821273058,33874
pysteps_patch_cnn,pySTEPS + CNN,70,20,0.0127028680413113,0.0093557356548646,9263
pysteps_patch_cnn,pySTEPS + CNN,80,1,1.145231957666556,0.0942631977239855,235086
pysteps_patch_cnn,pySTEPS + CNN,80,5,0.7910960503798448,0.0424813744790231,78497
pysteps_patch_cnn,pySTEPS + CNN,80,10,0.3354588573340418,0.0334259181014543,33874
pysteps_patch_cnn,pySTEPS + CNN,80,20,0.0082766562308827,0.0064848757749253,9263
pysteps_patch_cnn,pySTEPS + CNN,90,1,1.13462874579232,0.0900255671494882,235086
pysteps_patch_cnn,pySTEPS + CNN,90,5,0.7602965718435098,0.0336397400857003,78497
pysteps_patch_cnn,pySTEPS + CNN,90,10,0.3037531243234733,0.0324616114398904,33874
pysteps_patch_cnn,pySTEPS + CNN,90,20,0.0054697902047572,0.004750489875392,9263
pysteps_patch_cnn,pySTEPS + CNN,100,1,1.123953219956385,0.0863165348942815,235086
pysteps_patch_cnn,pySTEPS + CNN,100,5,0.731148961106794,0.0251480225453644,78497
pysteps_patch_cnn,pySTEPS + CNN,100,10,0.2772923185924307,0.0336871438605323,33874
pysteps_patch_cnn,pySTEPS + CNN,100,20,0.0044262118104285,0.0044889610031937,9263
pysteps_patch_cnn,pySTEPS + CNN,110,1,1.112815451933902,0.0824855219403905,235086
pysteps_patch_cnn,pySTEPS + CNN,110,5,0.703109672981133,0.0205078176459963,78497
pysteps_patch_cnn,pySTEPS + CNN,110,10,0.2541575643069414,0.0343372456676936,33874
pysteps_patch_cnn,pySTEPS + CNN,110,20,0.0036705171110871,0.0038198868645048,9263
pysteps_patch_cnn,pySTEPS + CNN,120,1,1.102902767497852,0.0795131543493477,235086
pysteps_patch_cnn,pySTEPS + CNN,120,5,0.6780174189247147,0.0155524042462098,78497
pysteps_patch_cnn,pySTEPS + CNN,120,10,0.231721477632796,0.036465277523987,33874
pysteps_patch_cnn,pySTEPS + CNN,120,20,0.0026989096405052,0.0024403874674419,9263
pysteps_patch_cnn,pySTEPS + CNN,130,1,1.091969180073108,0.0761411527247569,235086
pysteps_patch_cnn,pySTEPS + CNN,130,5,0.6544751179450595,0.016344873210253,78497
pysteps_patch_cnn,pySTEPS + CNN,130,10,0.2139497352935388,0.0382656766573484,33874
pysteps_patch_cnn,pySTEPS + CNN,130,20,0.0023030695598978,0.0026801318768383,9263
pysteps_patch_cnn,pySTEPS + CNN,140,1,1.082375527821024,0.0724863132279347,235086
pysteps_patch_cnn,pySTEPS + CNN,140,5,0.6332131588892994,0.0192543712353658,78497
pysteps_patch_cnn,pySTEPS + CNN,140,10,0.1979099013993033,0.0414029179299117,33874
pysteps_patch_cnn,pySTEPS + CNN,140,20,0.0017992730936701,0.0017880828023757,9263
pysteps_patch_cnn,pySTEPS + CNN,150,1,1.07179500267987,0.0694312409236648,235086
pysteps_patch_cnn,pySTEPS + CNN,150,5,0.6141168876942218,0.0244940391726012,78497
pysteps_patch_cnn,pySTEPS + CNN,150,10,0.183808624116825,0.0413436570364944,33874
pysteps_patch_cnn,pySTEPS + CNN,150,20,0.0013314620893159,0.0011543427206697,9263
pysteps_patch_cnn,pySTEPS + CNN,160,1,1.063636286295228,0.0649727575179922,235086
pysteps_patch_cnn,pySTEPS + CNN,160,5,0.5932668339766701,0.0295101047242805,78497
pysteps_patch_cnn,pySTEPS + CNN,160,10,0.1715376591682903,0.0413731576646104,33874
pysteps_patch_cnn,pySTEPS + CNN,160,20,0.0006837237755946,0.0009053759131605,9263
pysteps_patch_cnn,pySTEPS + CNN,170,1,1.056651608347583,0.0623309568839662,235086
pysteps_patch_cnn,pySTEPS + CNN,170,5,0.5768203455758395,0.0353309667825298,78497
pysteps_patch_cnn,pySTEPS + CNN,170,10,0.1625238629430635,0.0417712338203016,33874
pysteps_patch_cnn,pySTEPS + CNN,170,20,0.0005037964662276,0.0007809757247187,9263
pysteps_patch_cnn,pySTEPS + CNN,180,1,1.049228792867291,0.0605656505932965,235086
pysteps_patch_cnn,pySTEPS + CNN,180,5,0.5613420470421375,0.0417956660242041,78497
pysteps_patch_cnn,pySTEPS + CNN,180,10,0.1538938418846313,0.0435181950694919,33874
pysteps_patch_cnn,pySTEPS + CNN,180,20,0.0006837237755946,0.000997258372777,9263
exprecast_patch_cnn,exPreCast + CNN,60,1,1.193361861900184,0.0394255117434232,235086
exprecast_patch_cnn,exPreCast + CNN,60,5,1.178826367037382,0.0817271769469334,78497
exprecast_patch_cnn,exPreCast + CNN,60,10,0.9352502410895278,0.1300874129240921,33874
exprecast_patch_cnn,exPreCast + CNN,60,20,0.1644535607614523,0.0492870658682868,9263
exprecast_patch_cnn,exPreCast + CNN,70,1,1.151531779859286,0.0376397936564138,235086
exprecast_patch_cnn,exPreCast + CNN,70,5,1.107163331082716,0.0678615621012682,78497
exprecast_patch_cnn,exPreCast + CNN,70,10,0.8630217866210073,0.0968761137891829,33874
exprecast_patch_cnn,exPreCast + CNN,70,20,0.1249055381625823,0.034940030419543,9263
exprecast_patch_cnn,exPreCast + CNN,80,1,1.119656919878966,0.0399833352305974,235086
exprecast_patch_cnn,exPreCast + CNN,80,5,1.018675872963298,0.075111785980406,78497
exprecast_patch_cnn,exPreCast + CNN,80,10,0.717511956072504,0.0997366357588915,33874
exprecast_patch_cnn,exPreCast + CNN,80,20,0.0784123214221454,0.0177332398251337,9263
exprecast_patch_cnn,exPreCast + CNN,90,1,1.101299099053112,0.0398684119065368,235086
exprecast_patch_cnn,exPreCast + CNN,90,5,0.9270120726482116,0.0760841170033825,78497
exprecast_patch_cnn,exPreCast + CNN,90,10,0.5764204601365847,0.0972422226470529,33874
exprecast_patch_cnn,exPreCast + CNN,90,20,0.0491921263809421,0.012684913592723,9263
exprecast_patch_cnn,exPreCast + CNN,100,1,1.082596723468575,0.0400135162266441,235086
exprecast_patch_cnn,exPreCast + CNN,100,5,0.8566654351970988,0.072267062435538,78497
exprecast_patch_cnn,exPreCast + CNN,100,10,0.4831729349943909,0.0905405230282546,33874
exprecast_patch_cnn,exPreCast + CNN,100,20,0.0347619561697074,0.009298673985814,9263
exprecast_patch_cnn,exPreCast + CNN,110,1,1.068036094592334,0.0423173388751256,235086
exprecast_patch_cnn,exPreCast + CNN,110,5,0.8147317731887842,0.065960909091737,78497
exprecast_patch_cnn,exPreCast + CNN,110,10,0.4403967644801322,0.0782322279709071,33874
exprecast_patch_cnn,exPreCast + CNN,110,20,0.0272769801000395,0.0063779599587222,9263
exprecast_patch_cnn,exPreCast + CNN,120,1,1.066504740109293,0.0376728227909829,235086
exprecast_patch_cnn,exPreCast + CNN,120,5,0.7930918803691012,0.0598508558955465,78497
exprecast_patch_cnn,exPreCast + CNN,120,10,0.4150676034716892,0.0670866677797112,33874
exprecast_patch_cnn,exPreCast + CNN,120,20,0.0216272625859152,0.0054304673175273,9263
exprecast_patch_cnn,exPreCast + CNN,130,1,1.060970595158084,0.0422194418745321,235086
exprecast_patch_cnn,exPreCast + CNN,130,5,0.7596638512724478,0.0660354927602054,78497
exprecast_patch_cnn,exPreCast + CNN,130,10,0.3754305170140324,0.0738854963006235,33874
exprecast_patch_cnn,exPreCast + CNN,130,20,0.016337399690525,0.0050777769216801,9263
exprecast_patch_cnn,exPreCast + CNN,140,1,1.062239634289863,0.0424181690353668,235086
exprecast_patch_cnn,exPreCast + CNN,140,5,0.7445804722898114,0.0611390134589902,78497
exprecast_patch_cnn,exPreCast + CNN,140,10,0.3588396213418354,0.0691659347356795,33874
exprecast_patch_cnn,exPreCast + CNN,140,20,0.0130987081219187,0.0054678959050624,9263
exprecast_patch_cnn,exPreCast + CNN,150,1,1.063293149457362,0.0414965510024552,235086
exprecast_patch_cnn,exPreCast + CNN,150,5,0.7394719968066722,0.0591013276842882,78497
exprecast_patch_cnn,exPreCast + CNN,150,10,0.3501210367833736,0.0670521102509435,33874
exprecast_patch_cnn,exPreCast + CNN,150,20,0.0112994350282485,0.0049251465287489,9263
exprecast_patch_cnn,exPreCast + CNN,160,1,1.067171162893579,0.04540131116805,235086
exprecast_patch_cnn,exPreCast + CNN,160,5,0.7259428173475845,0.0639586665451522,78497
exprecast_patch_cnn,exPreCast + CNN,160,10,0.3392474070575269,0.0707441380746861,33874
exprecast_patch_cnn,exPreCast + CNN,160,20,0.0099319874770592,0.0051695217073573,9263
exprecast_patch_cnn,exPreCast + CNN,170,1,1.067086087644522,0.0484052862571542,235086
exprecast_patch_cnn,exPreCast + CNN,170,5,0.7275776993600603,0.055055966025917,78497
exprecast_patch_cnn,exPreCast + CNN,170,10,0.3398279900021649,0.0621159745189412,33874
exprecast_patch_cnn,exPreCast + CNN,170,20,0.0098600165533124,0.0042875586767732,9263
exprecast_patch_cnn,exPreCast + CNN,180,1,1.067215118438926,0.0476795700949454,235086
exprecast_patch_cnn,exPreCast + CNN,180,5,0.7047912659082513,0.0601966804959386,78497
exprecast_patch_cnn,exPreCast + CNN,180,10,0.3150006888272225,0.0666885790646604,33874
exprecast_patch_cnn,exPreCast + CNN,180,20,0.0084925690021231,0.0043589966976554,9263
direct_r2p,Direct R2P,60,1,1.088211689906389,0.0343542305001973,235086
direct_r2p,Direct R2P,60,5,1.032162587954529,0.0217585931888508,78497
direct_r2p,Direct R2P,60,10,0.9451595127039422,0.0645128773607234,33874
direct_r2p,Direct R2P,60,20,0.7598330274569074,0.1738111330919995,9263
direct_r2p,Direct R2P,70,1,1.112052610534017,0.0230114760908508,235086
direct_r2p,Direct R2P,70,5,1.016794697037254,0.0217257426570485,78497
direct_r2p,Direct R2P,70,10,0.9099506012477612,0.0583733304000177,33874
direct_r2p,Direct R2P,70,20,0.6808449386447876,0.1739258231648713,9263
direct_r2p,Direct R2P,80,1,1.132619551993738,0.0184546056023892,235086
direct_r2p,Direct R2P,80,5,0.9988704451550166,0.0332397009387094,78497
direct_r2p,Direct R2P,80,10,0.8655212453996182,0.0515056746217292,33874
direct_r2p,Direct R2P,80,20,0.5821368167260427,0.1722836561710543,9263
direct_r2p,Direct R2P,90,1,1.149922439731276,0.0217403429188494,235086
direct_r2p,Direct R2P,90,5,0.9811967336331324,0.0485110618276004,78497
direct_r2p,Direct R2P,90,10,0.8205408277735136,0.0443926500928609,33874
direct_r2p,Direct R2P,90,20,0.4809097124761596,0.1489390621739574,9263
direct_r2p,Direct R2P,100,1,1.166408605077858,0.0214353654713572,235086
direct_r2p,Direct R2P,100,5,0.9618159505034164,0.0566462047286389,78497
direct_r2p,Direct R2P,100,10,0.7707287792013541,0.0484216461271026,33874
direct_r2p,Direct R2P,100,20,0.3887869300802475,0.1288227465665706,9263
direct_r2p,Direct R2P,110,1,1.182517603486951,0.0271181491108502,235086
direct_r2p,Direct R2P,110,5,0.9484438895753978,0.0703483365476114,78497
direct_r2p,Direct R2P,110,10,0.726240381019858,0.0557069212810911,33874
direct_r2p,Direct R2P,110,20,0.3088992047212925,0.1096994302999691,9263
direct_r2p,Direct R2P,120,1,1.200224598657513,0.0340393750173747,235086
direct_r2p,Direct R2P,120,5,0.9340314491848946,0.0788465555529197,78497
direct_r2p,Direct R2P,120,10,0.6846548975615515,0.0603006088364066,33874
direct_r2p,Direct R2P,120,20,0.2483356723883551,0.0916072326575219,9263
direct_r2p,Direct R2P,130,1,1.21523045467049,0.0457678979276437,235086
direct_r2p,Direct R2P,130,5,0.9192495679240396,0.0867618705394322,78497
direct_r2p,Direct R2P,130,10,0.6440140914368936,0.0676669016976772,33874
direct_r2p,Direct R2P,130,20,0.201734499262298,0.0775040639231389,9263
direct_r2p,Direct R2P,140,1,1.237954053693825,0.0561710461514974,235086
direct_r2p,Direct R2P,140,5,0.9051853361699598,0.090242976890595,78497
direct_r2p,Direct R2P,140,10,0.6041703568125012,0.0725828438805883,33874
direct_r2p,Direct R2P,140,20,0.162366403972795,0.0613510545022405,9263
direct_r2p,Direct R2P,150,1,1.258465696241659,0.0699619563379718,235086
direct_r2p,Direct R2P,150,5,0.8927474935347847,0.0963641472197893,78497
direct_r2p,Direct R2P,150,10,0.5715691484127453,0.0774390021276964,33874
direct_r2p,Direct R2P,150,20,0.1301954010579726,0.0506048364452973,9263
direct_r2p,Direct R2P,160,1,1.286965904676019,0.074625035015553,235086
direct_r2p,Direct R2P,160,5,0.8813924948299512,0.101810369531578,78497
direct_r2p,Direct R2P,160,10,0.5392041093464014,0.0796528836765077,33874
direct_r2p,Direct R2P,160,20,0.1065169671452733,0.0433450377917898,9263
direct_r2p,Direct R2P,170,1,1.316033281437431,0.0830923035954192,235086
direct_r2p,Direct R2P,170,5,0.8655022909580409,0.1056411650918477,78497
direct_r2p,Direct R2P,170,10,0.5044084942236916,0.0815338620953019,33874
direct_r2p,Direct R2P,170,20,0.0862931375724207,0.0396531215966882,9263
direct_r2p,Direct R2P,180,1,1.343533855695362,0.0816626351081921,235086
direct_r2p,Direct R2P,180,5,0.8513318980343199,0.1075107244915211,78497
direct_r2p,Direct R2P,180,10,0.4702820255456495,0.081349485572559,33874
direct_r2p,Direct R2P,180,20,0.0665731044657958,0.0313932887727889,9263
