Distance group,Distance to nearest fitting station (km),Stations,Lead (min),RN60 threshold (mm),All-station R2P CSI,Direct R2P CSI,ΔCSI (All-station − Direct),95% CI low,95% CI high,Common finite pairs
1,1.486–5.960,32,60,1,0.61802951141723,0.6101225715747539,0.007906939842476,0.0038654608540573,0.0122165743597493,1095514
1,1.486–5.960,32,60,5,0.5314996856540559,0.5112041064837661,0.0202955791702897,0.0104099232624763,0.031212833913569,1095514
1,1.486–5.960,32,60,10,0.44653939990118,0.4342217668134422,0.0123176330877378,0.0035709929068383,0.0217315481238834,1095514
1,1.486–5.960,32,60,20,0.3322705801069993,0.3114571239693474,0.0208134561376519,-0.0006087372001528,0.0391092682849414,1095514
1,1.486–5.960,32,90,1,0.5435377334932608,0.5399241325032863,0.0036136009899745,-0.0008818128936353,0.0082214043353257,1095508
1,1.486–5.960,32,90,5,0.430760801256876,0.4237610662378149,0.0069997350190611,-0.001218614639678,0.0158454674698526,1095508
1,1.486–5.960,32,90,10,0.3353631853529746,0.3296608431051041,0.0057023422478705,-0.0017721787838738,0.0130947162674487,1095508
1,1.486–5.960,32,90,20,0.1997645064894979,0.1781302527306557,0.0216342537588422,0.0028838978619816,0.0376882426373993,1095508
1,1.486–5.960,32,120,1,0.4893176752840311,0.4863307448147604,0.0029869304692707,-0.0020230131038925,0.008213733156836,1095502
1,1.486–5.960,32,120,5,0.3675074336911193,0.3608467764353338,0.0066606572557855,-0.0017935712184963,0.0159511869776321,1095502
1,1.486–5.960,32,120,10,0.2573637157513354,0.2482089149642297,0.0091548007871056,0.0014318079911358,0.0163007002088808,1095502
1,1.486–5.960,32,120,20,0.1184191805238782,0.0882861367114311,0.0301330438124471,0.0091138659090222,0.0488221552618972,1095502
1,1.486–5.960,32,150,1,0.4500384873319545,0.444426175903559,0.0056123114283954,0.0009437854884911,0.0104438798291152,1095496
1,1.486–5.960,32,150,5,0.3182180741213755,0.3080146188558753,0.0102034552655002,0.0013961427394572,0.0194332489771609,1095496
1,1.486–5.960,32,150,10,0.200867703661859,0.1748182947035294,0.0260494089583296,0.0158960417773277,0.0354500984472372,1095496
1,1.486–5.960,32,150,20,0.0643008973542828,0.0373387020307436,0.0269621953235391,0.0106135457312303,0.0423032569199737,1095496
1,1.486–5.960,32,180,1,0.4173361542216038,0.4084894724916048,0.0088466817299989,0.0045004787224427,0.0132831787004209,1095490
1,1.486–5.960,32,180,5,0.2740766443132069,0.2620961701071684,0.0119804742060385,0.0050413345134299,0.0184807439138742,1095490
1,1.486–5.960,32,180,10,0.1508136934635256,0.1261176475579875,0.0246960459055381,0.014022944410396,0.0344340165176599,1095490
1,1.486–5.960,32,180,20,0.0366708897649927,0.0148738630897894,0.0217970266752033,0.0103926496740399,0.0329072871176463,1095490
2,5.981–9.422,32,60,1,0.6264240528922252,0.6246064869315391,0.0018175659606861,-0.0029277977734079,0.0068777531729585,1105374
2,5.981–9.422,32,60,5,0.5459345864185146,0.5404051772088708,0.0055294092096437,-0.000450465292982,0.0117904870268988,1105374
2,5.981–9.422,32,60,10,0.4543169914117713,0.443335312061632,0.0109816793501392,0.0033165838484319,0.0190555675096868,1105374
2,5.981–9.422,32,60,20,0.3362926565246757,0.3198314692211488,0.0164611873035269,0.003175471567765,0.0313434758505394,1105374
2,5.981–9.422,32,90,1,0.5483354881241366,0.5502448232145275,-0.0019093350903909,-0.0065550452473586,0.0032072946808229,1105368
2,5.981–9.422,32,90,5,0.4425603502490513,0.4437739127505181,-0.0012135625014667,-0.0080363933178502,0.0060546619586686,1105368
2,5.981–9.422,32,90,10,0.333897959010657,0.328823763732113,0.005074195278544,-0.0026844460710558,0.0126010330609006,1105368
2,5.981–9.422,32,90,20,0.1961591004266191,0.1767842789954763,0.0193748214311427,-0.0008688223170999,0.0381963249448782,1105368
2,5.981–9.422,32,120,1,0.4930864451260087,0.4945510711556072,-0.0014646260295985,-0.0063539711539606,0.0039479119135938,1105362
2,5.981–9.422,32,120,5,0.3728140714899184,0.3706535958287449,0.0021604756611735,-0.0053261548767028,0.0100466138626286,1105362
2,5.981–9.422,32,120,10,0.2513757917874881,0.2347118436367384,0.0166639481507497,0.007791009032666,0.0249395021363037,1105362
2,5.981–9.422,32,120,20,0.0991955887617582,0.0759409459095383,0.0232546428522198,0.0070663755701912,0.0363549163557848,1105362
2,5.981–9.422,32,150,1,0.453845145398916,0.4503517890975483,0.0034933563013677,-0.0014426716373193,0.0090309488368651,1105356
2,5.981–9.422,32,150,5,0.3192124300965159,0.3120068604606918,0.007205569635824,-0.000525936229203,0.0153897972917909,1105356
2,5.981–9.422,32,150,10,0.1880741156862191,0.1683415788304377,0.0197325368557813,0.0100292027233594,0.0290299843752346,1105356
2,5.981–9.422,32,150,20,0.0504311413671846,0.0279447863296203,0.0224863550375642,0.0109940510659459,0.0328880584487919,1105356
2,5.981–9.422,32,180,1,0.4193764273633651,0.4133304142433862,0.0060460131199789,0.001289874088821,0.0111793918105821,1105350
2,5.981–9.422,32,180,5,0.2753438145315963,0.2667539116079276,0.0085899029236686,0.0006838537961151,0.0171185297643942,1105350
2,5.981–9.422,32,180,10,0.1404603513808087,0.1221045654698953,0.0183557859109134,0.0094994332428392,0.0269819710757388,1105350
2,5.981–9.422,32,180,20,0.0259757893401969,0.0111526979562386,0.0148230913839582,0.0059091734672067,0.0242418837240667,1105350
3,9.461–12.723,32,60,1,0.6317493997970491,0.6310029837699597,0.0007464160270894,-0.0024996659054365,0.0039148529824683,1104721
3,9.461–12.723,32,60,5,0.5418614341598803,0.5369757737578168,0.0048856604020635,-5.098002817248423e-05,0.0095874768640352,1104721
3,9.461–12.723,32,60,10,0.4496059717678405,0.4409206525006168,0.0086853192672236,-0.0002328630574285,0.0174889971452098,1104721
3,9.461–12.723,32,60,20,0.3330191343387351,0.3246571780003865,0.0083619563383486,-0.0059921447070398,0.0202731247200171,1104721
3,9.461–12.723,32,90,1,0.5561876275485561,0.5618506415191281,-0.005663013970572,-0.0085043902338728,-0.0028248159347582,1104711
3,9.461–12.723,32,90,5,0.4397966685763474,0.4440443523038657,-0.0042476837275183,-0.0091720627835853,0.0006095905322663,1104711
3,9.461–12.723,32,90,10,0.326843533281229,0.3225751468472494,0.0042683864339795,-0.0036118245242855,0.0126307880745838,1104711
3,9.461–12.723,32,90,20,0.1966042179000891,0.1742924378433146,0.0223117800567745,0.0043774098102381,0.0373837296993602,1104711
3,9.461–12.723,32,120,1,0.4994609677296206,0.5050176671102979,-0.0055566993806773,-0.0080935279326945,-0.0029130820741589,1104700
3,9.461–12.723,32,120,5,0.3673118557550789,0.3707905543917715,-0.0034786986366926,-0.0086533987717501,0.0021574557893856,1104700
3,9.461–12.723,32,120,10,0.2462639424805841,0.2388107289400969,0.0074532135404872,-0.0004029940840045,0.0153680042045891,1104700
3,9.461–12.723,32,120,20,0.1093265238691948,0.0767460493171497,0.032580474552045,0.0062003127247633,0.0556701335584343,1104700
3,9.461–12.723,32,150,1,0.4594596937415538,0.4624394572052616,-0.0029797634637078,-0.0058628404977995,-4.342621358948413e-05,1104693
3,9.461–12.723,32,150,5,0.3185025524911291,0.3157307034154298,0.0027718490756992,-0.0028195596788204,0.0087083360989554,1104693
3,9.461–12.723,32,150,10,0.1924410508770391,0.1792143893243334,0.0132266615527056,0.0033038158168819,0.0228297617602446,1104693
3,9.461–12.723,32,150,20,0.0573618261098533,0.0306820920943346,0.0266797340155187,0.0051695927477591,0.0450034146678062,1104693
3,9.461–12.723,32,180,1,0.4256169916402455,0.4251939289397006,0.0004230627005449,-0.0021773393456437,0.0030003136890238,1104687
3,9.461–12.723,32,180,5,0.2772606911959441,0.2695819641493909,0.0076787270465531,0.0026065207711937,0.0126538410781467,1104687
3,9.461–12.723,32,180,10,0.1463938648207967,0.1272704031825966,0.0191234616382001,0.0063572065779452,0.0310174403902084,1104687
3,9.461–12.723,32,180,20,0.0284788579362222,0.013125920636545,0.0153529372996772,0.0015135384100327,0.0275850223413015,1104687
4,12.927–31.676,32,60,1,0.6367870451972092,0.6350981816140573,0.0016888635831519,-0.0017659675776512,0.0053301968242173,1103045
4,12.927–31.676,32,60,5,0.5452334421788871,0.5427103228161215,0.0025231193627656,-0.0030232878745524,0.0077295106273399,1103045
4,12.927–31.676,32,60,10,0.4512769585570307,0.4472164379284598,0.0040605206285708,-0.0028910637990427,0.0112058982993778,1103045
4,12.927–31.676,32,60,20,0.339073654787607,0.3292957649603733,0.0097778898272337,-0.0025901481973972,0.0221992169138018,1103045
4,12.927–31.676,32,90,1,0.5607472841061892,0.565887795821274,-0.0051405117150847,-0.0084144751093844,-0.0017637033536346,1103039
4,12.927–31.676,32,90,5,0.4438176123244877,0.4505306941550535,-0.0067130818305657,-0.0118632616449268,-0.0015270149556169,1103039
4,12.927–31.676,32,90,10,0.3370968138649391,0.337229915575663,-0.0001331017107239,-0.0077150776701062,0.0073951222371529,1103039
4,12.927–31.676,32,90,20,0.1994982033752264,0.1867424693483407,0.0127557340268856,-0.0018767207369513,0.0244956672901627,1103039
4,12.927–31.676,32,120,1,0.5044288800784076,0.5113265751443558,-0.0068976950659481,-0.0095212272657271,-0.0041296152213668,1103033
4,12.927–31.676,32,120,5,0.3729754549782881,0.3766585141994114,-0.0036830592211232,-0.0098997673747705,0.002565471255673,1103033
4,12.927–31.676,32,120,10,0.2505556342629568,0.2464764868462477,0.0040791474167091,-0.0027774550121503,0.0114703873229758,1103033
4,12.927–31.676,32,120,20,0.0962374088724808,0.0828520377537402,0.0133853711187406,-0.0024115284884351,0.0265134319629505,1103033
4,12.927–31.676,32,150,1,0.4626702671650356,0.4651193652018786,-0.0024490980368429,-0.005148061141943,0.0003291930714825,1103027
4,12.927–31.676,32,150,5,0.3222221354231705,0.3211341510126969,0.0010879844104736,-0.004633189012252,0.0067601190259947,1103027
4,12.927–31.676,32,150,10,0.1920114178993929,0.1778278310605448,0.0141835868388481,0.0066513183975746,0.0213185708565743,1103027
4,12.927–31.676,32,150,20,0.0510774218601946,0.0306637440827828,0.0204136777774117,0.0084537233260231,0.0297631340930935,1103027
4,12.927–31.676,32,180,1,0.4293499912378483,0.4279662456596656,0.0013837455781826,-0.0013727395179055,0.0041661717343307,1103021
4,12.927–31.676,32,180,5,0.2794354541276911,0.2737049048015662,0.0057305493261249,0.000207875736552,0.0110764262849318,1103021
4,12.927–31.676,32,180,10,0.1465367484994433,0.1315913418090442,0.014945406690399,0.0070759166297567,0.0220645068834745,1103021
4,12.927–31.676,32,180,20,0.0274323578354026,0.0125777708286924,0.0148545870067101,0.0020919402962352,0.0271531401727701,1103021
