Evaluation setting,Route / experiment,Fitting-station targets for fitting or selection,Held-out-station targets for fitting or selection,Fitting-station inputs at issuance,Held-out-station inputs at issuance
Valid-time diagnostic,Observed HSR + Fixed M–P,No,No,No,No
Valid-time diagnostic,MLP,Yes,No,No,No
Valid-time diagnostic,CNN,Yes,No,No,No
Forecast,pySTEPS + CNN,Yes,No,Yes,No
Forecast,exPreCast + CNN,Yes,No,Yes,No
Forecast,Direct R2P,Yes,No,Yes,No
Forecast,Radar-only inference,Yes,No,No,No
Forecast,No-station-dropout control,Yes,No,Yes,No
Descriptive transfer diagnostic,All-station R2P,Yes,Yes,Yes,Yes
