metric_group,metric,route_key,route_label,lead_min,threshold_mm,point_estimate,ci_low,ci_high,bootstrap_valid_reps,bootstrap_reps
categorical,csi,pysteps,pySTEPS + Patch MLP,60,1,0.6221952335804158,0.591481477022171,0.6484762743115425,50000,50000
categorical,pod,pysteps,pySTEPS + Patch MLP,60,1,0.70819473157341,0.6769195780158043,0.7340609490871429,50000,50000
categorical,far,pysteps,pySTEPS + Patch MLP,60,1,0.1631868013484757,0.1481209091842174,0.1803245991468429,50000,50000
categorical,frequency_bias,pysteps,pySTEPS + Patch MLP,60,1,0.8463952199053396,0.8171783611178398,0.8709655597805976,50000,50000
categorical,csi,pysteps,pySTEPS + Patch MLP,60,5,0.4789079834309089,0.4461563073098659,0.5060902535915375,50000,50000
categorical,pod,pysteps,pySTEPS + Patch MLP,60,5,0.5812366502329177,0.543061050772667,0.612351955473423,50000,50000
categorical,far,pysteps,pySTEPS + Patch MLP,60,5,0.2683728989430034,0.2455601252615452,0.2932673789560794,50000,50000
categorical,frequency_bias,pysteps,pySTEPS + Patch MLP,60,5,0.7948584022319324,0.7523725494742394,0.8333154112100601,50000,50000
categorical,csi,pysteps,pySTEPS + Patch MLP,60,10,0.3544952123313102,0.323113016039133,0.380939195305109,50000,50000
categorical,pod,pysteps,pySTEPS + Patch MLP,60,10,0.4190824821396941,0.3824328489601612,0.450494584441185,50000,50000
categorical,far,pysteps,pySTEPS + Patch MLP,60,10,0.3030579946121075,0.2805500961840153,0.3308857321739197,50000,50000
categorical,frequency_bias,pysteps,pySTEPS + Patch MLP,60,10,0.6012772824782036,0.560197600722313,0.6389041617512703,50000,50000
categorical,csi,pysteps,pySTEPS + Patch MLP,60,20,0.1460332792813576,0.1151874519884586,0.1748654924333095,50000,50000
categorical,pod,pysteps,pySTEPS + Patch MLP,60,20,0.156212889992443,0.1229731231927871,0.1878086764365434,50000,50000
categorical,far,pysteps,pySTEPS + Patch MLP,60,20,0.3042888681389294,0.2634594976902008,0.3657604359090328,50000,50000
categorical,frequency_bias,pysteps,pySTEPS + Patch MLP,60,20,0.2250530785562632,0.186195883154869,0.2635798647999763,50000,50000
continuous,rmse,pysteps,pySTEPS + Patch MLP,60,,1.297312050204114,1.118703052401543,1.481509912014008,50000,50000
continuous,mean_bias,pysteps,pySTEPS + Patch MLP,60,,-0.0623469724851746,-0.08124183062464,-0.0465968079864978,50000,50000
continuous,correlation,pysteps,pySTEPS + Patch MLP,60,,0.7721989283414574,0.750864078104496,0.7888992995023727,50000,50000
categorical,csi,pysteps,pySTEPS + Patch MLP,90,1,0.5185547058345225,0.4827709458768368,0.5496251687407494,50000,50000
categorical,pod,pysteps,pySTEPS + Patch MLP,90,1,0.6132096339212033,0.5749305978417396,0.6451578944921493,50000,50000
categorical,far,pysteps,pySTEPS + Patch MLP,90,1,0.2291990821221913,0.2081164423376321,0.253676438331604,50000,50000
categorical,frequency_bias,pysteps,pySTEPS + Patch MLP,90,1,0.795697461070984,0.761084258556366,0.8248190879821777,50000,50000
categorical,csi,pysteps,pySTEPS + Patch MLP,90,5,0.3350847410676663,0.3001057431101799,0.3643512092530727,50000,50000
categorical,pod,pysteps,pySTEPS + Patch MLP,90,5,0.4138714430700112,0.3717448018491268,0.4487455256283283,50000,50000
categorical,far,pysteps,pySTEPS + Patch MLP,90,5,0.3611978544355946,0.3296000249683857,0.39725286886096,50000,50000
categorical,frequency_bias,pysteps,pySTEPS + Patch MLP,90,5,0.64858529625336,0.6016956940293312,0.6913462340831756,50000,50000
categorical,csi,pysteps,pySTEPS + Patch MLP,90,10,0.1624775307504226,0.1385498397052288,0.1841739721596241,50000,50000
categorical,pod,pysteps,pySTEPS + Patch MLP,90,10,0.1853732459506799,0.1571882721036672,0.2114934228360653,50000,50000
categorical,far,pysteps,pySTEPS + Patch MLP,90,10,0.4319669088025902,0.3976975798606872,0.4739005163311958,50000,50000
categorical,frequency_bias,pysteps,pySTEPS + Patch MLP,90,10,0.3262580937198638,0.2874513357877731,0.3639174237847328,50000,50000
categorical,csi,pysteps,pySTEPS + Patch MLP,90,20,0.0277177392195098,0.0180094871204346,0.0370535441674292,50000,50000
categorical,pod,pysteps,pySTEPS + Patch MLP,90,20,0.0284285148799884,0.0184084548614919,0.0381301265209913,50000,50000
categorical,far,pysteps,pySTEPS + Patch MLP,90,20,0.4641464907131594,0.3990452527999878,0.5499455884099007,50000,50000
categorical,frequency_bias,pysteps,pySTEPS + Patch MLP,90,20,0.0531505271870164,0.0389702182263135,0.0670747695490718,50000,50000
continuous,rmse,pysteps,pySTEPS + Patch MLP,90,,1.56933579438615,1.348506700992584,1.795377069711685,50000,50000
continuous,mean_bias,pysteps,pySTEPS + Patch MLP,90,,-0.0966177510304952,-0.1237620316445827,-0.0733489442616701,50000,50000
continuous,correlation,pysteps,pySTEPS + Patch MLP,90,,0.6328378519524144,0.602869202196598,0.658300158381462,50000,50000
categorical,csi,pysteps,pySTEPS + Patch MLP,120,1,0.4434392210887892,0.4052038207650185,0.476742871850729,50000,50000
categorical,pod,pysteps,pySTEPS + Patch MLP,120,1,0.5374742292891397,0.4947707742452621,0.5733529835939407,50000,50000
categorical,far,pysteps,pySTEPS + Patch MLP,120,1,0.2826744406491774,0.2568110607564449,0.3132459171116352,50000,50000
categorical,frequency_bias,pysteps,pySTEPS + Patch MLP,120,1,0.7494562273664389,0.7098911434412003,0.7830260828137398,50000,50000
categorical,csi,pysteps,pySTEPS + Patch MLP,120,5,0.2247090245958828,0.194705381244421,0.2509935349225998,50000,50000
categorical,pod,pysteps,pySTEPS + Patch MLP,120,5,0.2730210496367165,0.2365460991859436,0.3051327913999557,50000,50000
categorical,far,pysteps,pySTEPS + Patch MLP,120,5,0.4389721765207562,0.4008284002542496,0.4829031713306904,50000,50000
categorical,frequency_bias,pysteps,pySTEPS + Patch MLP,120,5,0.4873477118021496,0.4413000047206878,0.5313649103045464,50000,50000
categorical,csi,pysteps,pySTEPS + Patch MLP,120,10,0.057552056813258,0.043345608189702,0.0715850116685032,50000,50000
categorical,pod,pysteps,pySTEPS + Patch MLP,120,10,0.0621518962429395,0.0464351848699152,0.0779124664142727,50000,50000
categorical,far,pysteps,pySTEPS + Patch MLP,120,10,0.5627136775329334,0.5132533371448517,0.6178918331861496,50000,50000
categorical,frequency_bias,pysteps,pySTEPS + Patch MLP,120,10,0.1419672905473224,0.1149570677429437,0.1692997239530086,50000,50000
categorical,csi,pysteps,pySTEPS + Patch MLP,120,20,0.0022570524140676,0.0009062661949428,0.0039614025386981,50000,50000
categorical,pod,pysteps,pySTEPS + Patch MLP,120,20,0.0022670840980243,0.0009092766384128,0.0039828547975048,50000,50000
categorical,far,pysteps,pySTEPS + Patch MLP,120,20,0.6351868415821905,0.4869409546256065,0.7961131706833839,50000,50000
categorical,frequency_bias,pysteps,pySTEPS + Patch MLP,120,20,0.0062254849040987,0.0038125680817756,0.0087931531714275,50000,50000
continuous,rmse,pysteps,pySTEPS + Patch MLP,120,,1.72116440530134,1.478442019224167,1.969719591736794,50000,50000
continuous,mean_bias,pysteps,pySTEPS + Patch MLP,120,,-0.1226810664213273,-0.1568064004182815,-0.0932447992265224,50000,50000
continuous,correlation,pysteps,pySTEPS + Patch MLP,120,,0.524194904292897,0.4907153874635696,0.554725743830204,50000,50000
categorical,csi,pysteps,pySTEPS + Patch MLP,150,1,0.3860084142892896,0.3470138385891914,0.4199928410351276,50000,50000
categorical,pod,pysteps,pySTEPS + Patch MLP,150,1,0.4748900402405928,0.4297984115779399,0.5130999460816383,50000,50000
categorical,far,pysteps,pySTEPS + Patch MLP,150,1,0.3263652533558454,0.2965957172214984,0.3621001482009888,50000,50000
categorical,frequency_bias,pysteps,pySTEPS + Patch MLP,150,1,0.7050767236954419,0.6621443599462509,0.7416412323713303,50000,50000
categorical,csi,pysteps,pySTEPS + Patch MLP,150,5,0.1461886409372838,0.1227479048073291,0.1678024027496576,50000,50000
categorical,pod,pysteps,pySTEPS + Patch MLP,150,5,0.1729153131117537,0.1444841247051954,0.1997988265007734,50000,50000
categorical,far,pysteps,pySTEPS + Patch MLP,150,5,0.5123343077041679,0.4712602123618126,0.5591757312417031,50000,50000
categorical,frequency_bias,pysteps,pySTEPS + Patch MLP,150,5,0.3550454157483725,0.3107060141861438,0.3993209309875965,50000,50000
categorical,csi,pysteps,pySTEPS + Patch MLP,150,10,0.022229081490318,0.0147805245360359,0.0299854259006679,50000,50000
categorical,pod,pysteps,pySTEPS + Patch MLP,150,10,0.0232134773966267,0.0153463105438277,0.0314808813855052,50000,50000
categorical,far,pysteps,pySTEPS + Patch MLP,150,10,0.6557249427056873,0.5882740765810013,0.7249385565519333,50000,50000
categorical,frequency_bias,pysteps,pySTEPS + Patch MLP,150,10,0.0672984196335439,0.0510377832688391,0.0842547575011849,50000,50000
categorical,csi,pysteps,pySTEPS + Patch MLP,150,20,0.0004666446860316,7.887609426688868e-05,0.0009046658859006,50000,50000
categorical,pod,pysteps,pySTEPS + Patch MLP,150,20,0.0004678110043542,7.899830234237015e-05,0.0009081189884454,50000,50000
categorical,far,pysteps,pySTEPS + Patch MLP,150,20,0.8482372747078629,0.760186392068863,0.9576719403266908,50000,50000
categorical,frequency_bias,pysteps,pySTEPS + Patch MLP,150,20,0.0023030695598978,0.0013337126671103,0.0032776169420685,50000,50000
continuous,rmse,pysteps,pySTEPS + Patch MLP,150,,1.806614218655689,1.552801021933556,2.064857518672943,50000,50000
continuous,mean_bias,pysteps,pySTEPS + Patch MLP,150,,-0.1403744421417565,-0.1794948939234018,-0.1064690355211496,50000,50000
continuous,correlation,pysteps,pySTEPS + Patch MLP,150,,0.4442210177096062,0.4095872029662132,0.4765579521656036,50000,50000
categorical,csi,pysteps,pySTEPS + Patch MLP,180,1,0.3390922731184442,0.3004304550588131,0.3727636232972145,50000,50000
categorical,pod,pysteps,pySTEPS + Patch MLP,180,1,0.4204744930224116,0.3748292721807956,0.4592875450849533,50000,50000
categorical,far,pysteps,pySTEPS + Patch MLP,180,1,0.3632954573329996,0.3304549045860767,0.4030552081763744,50000,50000
categorical,frequency_bias,pysteps,pySTEPS + Patch MLP,180,1,0.6604462480397245,0.615431797504425,0.6991850435733795,50000,50000
categorical,csi,pysteps,pySTEPS + Patch MLP,180,5,0.096685108173119,0.0788840882480144,0.1134973982349038,50000,50000
categorical,pod,pysteps,pySTEPS + Patch MLP,180,5,0.1114522423362251,0.0901934148743748,0.1322180923074483,50000,50000
categorical,far,pysteps,pySTEPS + Patch MLP,180,5,0.5769632554843768,0.5342503637075424,0.6247711300849915,50000,50000
categorical,frequency_bias,pysteps,pySTEPS + Patch MLP,180,5,0.263725577622924,0.223496326804161,0.3055441573262215,50000,50000
categorical,csi,pysteps,pySTEPS + Patch MLP,180,10,0.010457989011373,0.0064210987533442,0.0147711287951096,50000,50000
categorical,pod,pysteps,pySTEPS + Patch MLP,180,10,0.0107457046702485,0.006564152019564,0.0152400763938203,50000,50000
categorical,far,pysteps,pySTEPS + Patch MLP,180,10,0.7135989386598323,0.6478720635175705,0.7835126191377639,50000,50000
categorical,frequency_bias,pysteps,pySTEPS + Patch MLP,180,10,0.0377378914014681,0.0272714915685355,0.0486583239398896,50000,50000
categorical,csi,pysteps,pySTEPS + Patch MLP,180,20,0.0001438331610739,0,0.0003073337757086,50000,50000
categorical,pod,pysteps,pySTEPS + Patch MLP,180,20,0.0001439418474936,0,0.0003075599794101,50000,50000
categorical,far,pysteps,pySTEPS + Patch MLP,180,20,0.8289562289562289,0.5777778029441833,1,50000,50000
categorical,frequency_bias,pysteps,pySTEPS + Patch MLP,180,20,0.000899636546835,0.0004815053172933,0.001413539837813,50000,50000
continuous,rmse,pysteps,pySTEPS + Patch MLP,180,,1.857299373261557,1.598117244243622,2.120583832263947,50000,50000
continuous,mean_bias,pysteps,pySTEPS + Patch MLP,180,,-0.1525217517486306,-0.1950979463756084,-0.1153127163648605,50000,50000
continuous,correlation,pysteps,pySTEPS + Patch MLP,180,,0.3869644391722369,0.3523793213069439,0.4196712374687195,50000,50000
categorical,csi,exprecast,exPreCast + Patch MLP,60,1,0.6355453670919159,0.6053831562399864,0.6615903094410897,50000,50000
categorical,pod,exprecast,exPreCast + Patch MLP,60,1,0.7252253785139623,0.6945083707571029,0.7506712362170219,50000,50000
categorical,far,exprecast,exPreCast + Patch MLP,60,1,0.1627517638894928,0.1472685158252716,0.1801328409463167,50000,50000
categorical,frequency_bias,exprecast,exPreCast + Patch MLP,60,1,0.866309917788951,0.8368302509188652,0.8918825328350067,50000,50000
categorical,csi,exprecast,exPreCast + Patch MLP,60,5,0.4855362501041696,0.4510070584714413,0.5147381141781807,50000,50000
categorical,pod,exprecast,exPreCast + Patch MLP,60,5,0.6195693253669993,0.5792049840092659,0.652189090847969,50000,50000
categorical,far,exprecast,exPreCast + Patch MLP,60,5,0.3067980005525837,0.2811155080795288,0.3349330574274063,50000,50000
categorical,frequency_bias,exprecast,exPreCast + Patch MLP,60,5,0.8953208402868899,0.8494618192315102,0.9367529869079588,50000,50000
categorical,csi,exprecast,exPreCast + Patch MLP,60,10,0.3668658108623086,0.3368849791586399,0.3912239946424961,50000,50000
categorical,pod,exprecast,exPreCast + Patch MLP,60,10,0.4812343783826336,0.4429202176630497,0.5120346546173096,50000,50000
categorical,far,exprecast,exPreCast + Patch MLP,60,10,0.3825811513095715,0.3568866968154907,0.4129073977470398,50000,50000
categorical,frequency_bias,exprecast,exPreCast + Patch MLP,60,10,0.7888252543740529,0.7389814779162407,0.8343660861253739,50000,50000
categorical,csi,exprecast,exPreCast + Patch MLP,60,20,0.206890852637906,0.1684533260762691,0.2402641531080007,50000,50000
categorical,pod,exprecast,exPreCast + Patch MLP,60,20,0.2449170535103818,0.2011534791439771,0.2826277643442154,50000,50000
categorical,far,exprecast,exPreCast + Patch MLP,60,20,0.3556956924687655,0.3071733079850673,0.4259919121861458,50000,50000
categorical,frequency_bias,exprecast,exPreCast + Patch MLP,60,20,0.4010579725790781,0.3536537319421768,0.4434020772576332,50000,50000
continuous,rmse,exprecast,exPreCast + Patch MLP,60,,1.274775023635672,1.106744983792305,1.446110486984253,50000,50000
continuous,mean_bias,exprecast,exPreCast + Patch MLP,60,,-0.0386065821886965,-0.0524425618350505,-0.0264846983365714,50000,50000
continuous,correlation,exprecast,exPreCast + Patch MLP,60,,0.7756636855868541,0.7549270629882813,0.7912597194314003,50000,50000
categorical,csi,exprecast,exPreCast + Patch MLP,90,1,0.5533767168864178,0.5171024203300476,0.5845046818256379,50000,50000
categorical,pod,exprecast,exPreCast + Patch MLP,90,1,0.6406180433259885,0.601547172665596,0.6733150199055672,50000,50000
categorical,far,exprecast,exPreCast + Patch MLP,90,1,0.1974794739892415,0.1785695921629667,0.2189476728439331,50000,50000
categorical,frequency_bias,exprecast,exPreCast + Patch MLP,90,1,0.7982667335925292,0.7595933347940445,0.8313694015145302,50000,50000
categorical,csi,exprecast,exPreCast + Patch MLP,90,5,0.3866988872622279,0.3477897383272648,0.4193988732993603,50000,50000
categorical,pod,exprecast,exPreCast + Patch MLP,90,5,0.4996411752466124,0.4510005496442318,0.5392857879400254,50000,50000
categorical,far,exprecast,exPreCast + Patch MLP,90,5,0.3682268769445064,0.3367112450301647,0.4031688466668129,50000,50000
categorical,frequency_bias,exprecast,exPreCast + Patch MLP,90,5,0.7914060409951973,0.7346452981233597,0.8413072139024734,50000,50000
categorical,csi,exprecast,exPreCast + Patch MLP,90,10,0.249418209989186,0.2183062672615051,0.2745307475328445,50000,50000
categorical,pod,exprecast,exPreCast + Patch MLP,90,10,0.3175887111058629,0.2764076337218284,0.3510816566646099,50000,50000
categorical,far,exprecast,exPreCast + Patch MLP,90,10,0.4552987109632049,0.426084066927433,0.4905501410365104,50000,50000
categorical,frequency_bias,exprecast,exPreCast + Patch MLP,90,10,0.586634783806656,0.5298431172966958,0.6359806343913078,50000,50000
categorical,csi,exprecast,exPreCast + Patch MLP,90,20,0.0860026614128287,0.057197587378323,0.1129952425137162,50000,50000
categorical,pod,exprecast,exPreCast + Patch MLP,90,20,0.0946777501889236,0.0625861205160617,0.1257964540272951,50000,50000
categorical,far,exprecast,exPreCast + Patch MLP,90,20,0.4316757508192017,0.3808902718126774,0.5197219759225845,50000,50000
categorical,frequency_bias,exprecast,exPreCast + Patch MLP,90,20,0.1762567922559286,0.1326371401548385,0.2213824570178985,50000,50000
continuous,rmse,exprecast,exPreCast + Patch MLP,90,,1.482351846317932,1.285470339655876,1.683000081777573,50000,50000
continuous,mean_bias,exprecast,exPreCast + Patch MLP,90,,-0.0699229412335366,-0.0893447553738951,-0.0531886076554656,50000,50000
continuous,correlation,exprecast,exPreCast + Patch MLP,90,,0.6759406362255665,0.6469352707266808,0.6978213131427765,50000,50000
categorical,csi,exprecast,exPreCast + Patch MLP,120,1,0.4892735081249357,0.4494796261191368,0.523348830640316,50000,50000
categorical,pod,exprecast,exPreCast + Patch MLP,120,1,0.5733306109253635,0.5283724591135979,0.6110674783587455,50000,50000
categorical,far,exprecast,exPreCast + Patch MLP,120,1,0.2304779367522337,0.2084417577832937,0.2557862140238285,50000,50000
categorical,frequency_bias,exprecast,exPreCast + Patch MLP,120,1,0.7451032104563153,0.6994536086916924,0.7846309512853623,50000,50000
categorical,csi,exprecast,exPreCast + Patch MLP,120,5,0.3122101692924028,0.2737476870417595,0.344580602645874,50000,50000
categorical,pod,exprecast,exPreCast + Patch MLP,120,5,0.3968516843531175,0.3480098277330398,0.437346838414669,50000,50000
categorical,far,exprecast,exPreCast + Patch MLP,120,5,0.4056334606960956,0.3701081648468971,0.4452794000506401,50000,50000
categorical,frequency_bias,exprecast,exPreCast + Patch MLP,120,5,0.6678004679584357,0.6072667449712753,0.7213403418660164,50000,50000
categorical,csi,exprecast,exPreCast + Patch MLP,120,10,0.1434313204586293,0.1167344160377979,0.16647819429636,50000,50000
categorical,pod,exprecast,exPreCast + Patch MLP,120,10,0.168782350278483,0.1356843430548906,0.198122775554657,50000,50000
categorical,far,exprecast,exPreCast + Patch MLP,120,10,0.5046894907119539,0.4735882289707661,0.5451959908008576,50000,50000
categorical,frequency_bias,exprecast,exPreCast + Patch MLP,120,10,0.3420420775029029,0.2900219514966011,0.3889369435608387,50000,50000
categorical,csi,exprecast,exPreCast + Patch MLP,120,20,0.0254639706691175,0.0129399477737024,0.0396995303221046,50000,50000
categorical,pod,exprecast,exPreCast + Patch MLP,120,20,0.0263773435532045,0.0132982390001416,0.0416056298650801,50000,50000
categorical,far,exprecast,exPreCast + Patch MLP,120,20,0.4872600488256397,0.4184318214654922,0.5919922590255737,50000,50000
categorical,frequency_bias,exprecast,exPreCast + Patch MLP,120,20,0.0541581201194717,0.0322010523639619,0.0803711244836449,50000,50000
continuous,rmse,exprecast,exPreCast + Patch MLP,120,,1.616564134690846,1.398088496923447,1.838501417636872,50000,50000
continuous,mean_bias,exprecast,exPreCast + Patch MLP,120,,-0.0999146691580116,-0.1258194360882044,-0.0773437099531292,50000,50000
continuous,correlation,exprecast,exPreCast + Patch MLP,120,,0.5968786526217116,0.5647192224860191,0.6221518278121949,50000,50000
categorical,csi,exprecast,exPreCast + Patch MLP,150,1,0.4411219665705855,0.3989357449114322,0.4770730212330818,50000,50000
categorical,pod,exprecast,exPreCast + Patch MLP,150,1,0.5221167289133906,0.4724462293088436,0.5638767868280411,50000,50000
categorical,far,exprecast,exPreCast + Patch MLP,150,1,0.2600910728197856,0.2355056226253509,0.2883165456354618,50000,50000
categorical,frequency_bias,exprecast,exPreCast + Patch MLP,150,1,0.705693519251111,0.6518690407276153,0.7521425038576126,50000,50000
categorical,csi,exprecast,exPreCast + Patch MLP,150,5,0.2452693574321225,0.2096254654228687,0.2753563761711121,50000,50000
categorical,pod,exprecast,exPreCast + Patch MLP,150,5,0.3067760551358651,0.2608388006687164,0.3453089326620102,50000,50000
categorical,far,exprecast,exPreCast + Patch MLP,150,5,0.4497394655813378,0.4101427637040615,0.4931749403476715,50000,50000
categorical,frequency_bias,exprecast,exPreCast + Patch MLP,150,5,0.5574862733607654,0.4937327153980732,0.6145646616816521,50000,50000
categorical,csi,exprecast,exPreCast + Patch MLP,150,10,0.071107522259715,0.050803246255964,0.0908990869298577,50000,50000
categorical,pod,exprecast,exPreCast + Patch MLP,150,10,0.0786443880262148,0.0553991598077118,0.1018147269263863,50000,50000
categorical,far,exprecast,exPreCast + Patch MLP,150,10,0.5691797571798878,0.5282195940613746,0.6226551055908203,50000,50000
categorical,frequency_bias,exprecast,exPreCast + Patch MLP,150,10,0.1829131487276377,0.1413585800677538,0.2225136402994394,50000,50000
categorical,csi,exprecast,exPreCast + Patch MLP,150,20,0.0055107875301725,0.0010737052332842,0.0123339049750939,50000,50000
categorical,pod,exprecast,exPreCast + Patch MLP,150,20,0.0055777465903774,0.0010829071048647,0.0125694539630785,50000,50000
categorical,far,exprecast,exPreCast + Patch MLP,150,20,0.5450544232595514,0.4398662142455578,0.8805993512272835,50000,50000
categorical,frequency_bias,exprecast,exPreCast + Patch MLP,150,20,0.0147900248299686,0.004893477295991,0.0276837202254682,50000,50000
continuous,rmse,exprecast,exPreCast + Patch MLP,150,,1.708862780275751,1.478001019358635,1.943168577551842,50000,50000
continuous,mean_bias,exprecast,exPreCast + Patch MLP,150,,-0.1209475423427747,-0.1513667941093444,-0.0941677965223789,50000,50000
continuous,correlation,exprecast,exPreCast + Patch MLP,150,,0.5308306889476894,0.4968413539230824,0.5580688431859017,50000,50000
categorical,csi,exprecast,exPreCast + Patch MLP,180,1,0.4031914600367186,0.35991046205163,0.4400884367525577,50000,50000
categorical,pod,exprecast,exPreCast + Patch MLP,180,1,0.4808991886657081,0.4282699070870876,0.5251275360584259,50000,50000
categorical,far,exprecast,exPreCast + Patch MLP,180,1,0.2859989012241709,0.2595445431768894,0.3165061064064502,50000,50000
categorical,frequency_bias,exprecast,exPreCast + Patch MLP,180,1,0.6735861202567004,0.6139237120747566,0.725335294008255,50000,50000
categorical,csi,exprecast,exPreCast + Patch MLP,180,5,0.1908614019359367,0.1586450673639774,0.2184035558253526,50000,50000
categorical,pod,exprecast,exPreCast + Patch MLP,180,5,0.2327180231940923,0.1913800537586212,0.2680254466831684,50000,50000
categorical,far,exprecast,exPreCast + Patch MLP,180,5,0.484973290861403,0.4406463675200939,0.5327419981360435,50000,50000
categorical,frequency_bias,exprecast,exPreCast + Patch MLP,180,5,0.4519620707373105,0.3869080543518066,0.5111688926815987,50000,50000
categorical,csi,exprecast,exPreCast + Patch MLP,180,10,0.0278436693502301,0.0156452336814254,0.0432052889838814,50000,50000
categorical,pod,exprecast,exPreCast + Patch MLP,180,10,0.0292653165653106,0.016275000013411,0.0457822579890489,50000,50000
categorical,far,exprecast,exPreCast + Patch MLP,180,10,0.6326561112272631,0.5516034752130509,0.7231856495141983,50000,50000
categorical,frequency_bias,exprecast,exPreCast + Patch MLP,180,10,0.0798645962488437,0.0543568138033151,0.1069366935640573,50000,50000
categorical,csi,exprecast,exPreCast + Patch MLP,180,20,0.0015777263566637,0,0.0044566243304871,50000,50000
categorical,pod,exprecast,exPreCast + Patch MLP,180,20,0.0015833603224297,0,0.0044799233553931,50000,50000
categorical,far,exprecast,exPreCast + Patch MLP,180,20,0.611863711001642,0.377740865200758,1,49994,50000
categorical,frequency_bias,exprecast,exPreCast + Patch MLP,180,20,0.0045341681960487,0.000778209035343,0.0092204295564442,50000,50000
continuous,rmse,exprecast,exPreCast + Patch MLP,180,,1.769260546134121,1.530193713307381,2.010660606622696,50000,50000
continuous,mean_bias,exprecast,exPreCast + Patch MLP,180,,-0.137431858686852,-0.1718860272318124,-0.1070011185482144,50000,50000
continuous,correlation,exprecast,exPreCast + Patch MLP,180,,0.4817899226473749,0.4462681718170643,0.5106898933649063,50000,50000
categorical,csi,r2p,Direct R2P,60,1,0.6247593662096281,0.5956132143735886,0.6497280657291412,50000,50000
categorical,pod,r2p,Direct R2P,60,1,0.8029997532817778,0.7791712149977684,0.822488397359848,50000,50000
categorical,far,r2p,Direct R2P,60,1,0.2619463856547355,0.240143210068345,0.2868654504418373,50000,50000
categorical,frequency_bias,r2p,Direct R2P,60,1,1.088211689906389,1.061498993635178,1.116157245635987,50000,50000
categorical,csi,r2p,Direct R2P,60,5,0.5322964924964135,0.5014512374997139,0.5584422931075096,50000,50000
categorical,pod,r2p,Direct R2P,60,5,0.7059165743064492,0.669507572054863,0.7371133208274842,50000,50000
categorical,far,r2p,Direct R2P,60,5,0.316085454324305,0.2910191029310226,0.3423637568950653,50000,50000
categorical,frequency_bias,r2p,Direct R2P,60,5,1.032162587954529,0.9806514650583268,1.081704667210579,50000,50000
categorical,csi,r2p,Direct R2P,60,10,0.4411746257312866,0.4094951763749123,0.4662871681153774,50000,50000
categorical,pod,r2p,Direct R2P,60,10,0.5956781011985594,0.5522382587194443,0.6327344343066216,50000,50000
categorical,far,r2p,Direct R2P,60,10,0.3695450870839916,0.3421210139989853,0.4005234993994236,50000,50000
categorical,frequency_bias,r2p,Direct R2P,60,10,0.9451595127039422,0.875001510977745,1.016044411063194,50000,50000
categorical,csi,r2p,Direct R2P,60,20,0.3208933686367415,0.2754738256335258,0.3579572670161724,50000,50000
categorical,pod,r2p,Direct R2P,60,20,0.4287667782215985,0.3726032681763172,0.4736959375441074,50000,50000
categorical,far,r2p,Direct R2P,60,20,0.4278609136636749,0.3772481828927994,0.4907030932605267,50000,50000
categorical,frequency_bias,r2p,Direct R2P,60,20,0.7598330274569074,0.675162772834301,0.8464311674237252,50000,50000
continuous,rmse,r2p,Direct R2P,60,,1.182723727885429,1.03725029528141,1.331193479895592,50000,50000
continuous,mean_bias,r2p,Direct R2P,60,,0.0650086269057512,0.0514442980289459,0.0787640832364559,50000,50000
continuous,correlation,r2p,Direct R2P,60,,0.8115917666834828,0.7932666644454003,0.825462032854557,50000,50000
categorical,csi,r2p,Direct R2P,90,1,0.5540404411877473,0.5223311811685563,0.5816107466816902,50000,50000
categorical,pod,r2p,Direct R2P,90,1,0.766441500840827,0.7380622833967209,0.7896927863359451,50000,50000
categorical,far,r2p,Direct R2P,90,1,0.3333917644679946,0.3082097999751568,0.3621357820928096,50000,50000
categorical,frequency_bias,r2p,Direct R2P,90,1,1.149922439731276,1.117703339457512,1.183271169662476,50000,50000
categorical,csi,r2p,Direct R2P,90,5,0.4401250790484609,0.4050207138061523,0.4698173478245735,50000,50000
categorical,pod,r2p,Direct R2P,90,5,0.6053734537625641,0.560183884203434,0.6439501121640205,50000,50000
categorical,far,r2p,Direct R2P,90,5,0.3823667215091884,0.3535888530313968,0.4136229611933231,50000,50000
categorical,frequency_bias,r2p,Direct R2P,90,5,0.9811967336331324,0.9208657443523408,1.039339390397072,50000,50000
categorical,csi,r2p,Direct R2P,90,10,0.3295575941673169,0.2963104531168937,0.3564544841647148,50000,50000
categorical,pod,r2p,Direct R2P,90,10,0.4513392769282242,0.4026037476956844,0.4921050623059272,50000,50000
categorical,far,r2p,Direct R2P,90,10,0.4497614091709179,0.4193714246153831,0.4847663350403309,50000,50000
categorical,frequency_bias,r2p,Direct R2P,90,10,0.8205408277735136,0.7409983053803444,0.8976669281721116,50000,50000
categorical,csi,r2p,Direct R2P,90,20,0.1788963405115143,0.1441639330238104,0.2068231776356697,50000,50000
categorical,pod,r2p,Direct R2P,90,20,0.2262405987980855,0.1820898439735174,0.2619428984820843,50000,50000
categorical,far,r2p,Direct R2P,90,20,0.520612520921429,0.4692170947790146,0.5844377323985099,50000,50000
categorical,frequency_bias,r2p,Direct R2P,90,20,0.4809097124761596,0.4105285085737705,0.5476149410009384,50000,50000
continuous,rmse,r2p,Direct R2P,90,,1.405588270663284,1.225001692771912,1.58919629752636,50000,50000
continuous,mean_bias,r2p,Direct R2P,90,,0.0471666452265227,0.031988775730133,0.0616468580439686,50000,50000
continuous,correlation,r2p,Direct R2P,90,,0.716531440320022,0.6929336875677109,0.7355330049991607,50000,50000
categorical,csi,r2p,Direct R2P,120,1,0.4989350746461263,0.4650044970214367,0.5287779048085213,50000,50000
categorical,pod,r2p,Direct R2P,120,1,0.732385878642993,0.6994330942630768,0.7596218675374985,50000,50000
categorical,far,r2p,Direct R2P,120,1,0.3896952719824472,0.3610771544277668,0.4218196488916874,50000,50000
categorical,frequency_bias,r2p,Direct R2P,120,1,1.200224598657513,1.159993636608124,1.241724470257759,50000,50000
categorical,csi,r2p,Direct R2P,120,5,0.3695484087974052,0.332665641605854,0.4007588632404804,50000,50000
categorical,pod,r2p,Direct R2P,120,5,0.5219477602116429,0.4718348108232021,0.5647134080529213,50000,50000
categorical,far,r2p,Direct R2P,120,5,0.4400084154410145,0.4071397416293621,0.4760171331465244,50000,50000
categorical,frequency_bias,r2p,Direct R2P,120,5,0.9340314491848946,0.8650425553321839,1.001029938459396,50000,50000
categorical,csi,r2p,Direct R2P,120,10,0.2421491462507263,0.2107791800051927,0.2679060593247414,50000,50000
categorical,pod,r2p,Direct R2P,120,10,0.3286197870539843,0.2828443236649036,0.3671543210744858,50000,50000
categorical,far,r2p,Direct R2P,120,10,0.5196344921453827,0.4857270248234272,0.5586017444729805,50000,50000
categorical,frequency_bias,r2p,Direct R2P,120,10,0.6846548975615515,0.6051249802112579,0.7605263143777847,50000,50000
categorical,csi,r2p,Direct R2P,120,20,0.0812327749385375,0.0647448169067502,0.0948631145060062,50000,50000
categorical,pod,r2p,Direct R2P,120,20,0.094713735650797,0.0747352600097656,0.1115826997905969,50000,50000
categorical,far,r2p,Direct R2P,120,20,0.6186731312121528,0.5679944336414338,0.6761362537741661,50000,50000
categorical,frequency_bias,r2p,Direct R2P,120,20,0.2483356723883551,0.2061182532459497,0.2912709735333919,50000,50000
continuous,rmse,r2p,Direct R2P,120,,1.557089100280621,1.354053649306297,1.763752174377441,50000,50000
continuous,mean_bias,r2p,Direct R2P,120,,0.0396231668435338,0.0221147344447672,0.0554173823446035,50000,50000
continuous,correlation,r2p,Direct R2P,120,,0.6334814774186652,0.6064933970570564,0.6562163561582566,50000,50000
categorical,csi,r2p,Direct R2P,150,1,0.4552714269590197,0.4202651038765907,0.4864381074905395,50000,50000
categorical,pod,r2p,Direct R2P,150,1,0.7065811376829472,0.6698881819844246,0.7367969051003457,50000,50000
categorical,far,r2p,Direct R2P,150,1,0.4380909912283568,0.40708382204175,0.472732812911272,50000,50000
categorical,frequency_bias,r2p,Direct R2P,150,1,1.258465696241659,1.209263423085213,1.309295344352722,50000,50000
categorical,csi,r2p,Direct R2P,150,5,0.3140845615175318,0.2780677653849125,0.3451014645397663,50000,50000
categorical,pod,r2p,Direct R2P,150,5,0.4527179382651566,0.4015656255185604,0.4963661238551139,50000,50000
categorical,far,r2p,Direct R2P,150,5,0.4916469463341911,0.4558647975325584,0.5306437075138092,50000,50000
categorical,frequency_bias,r2p,Direct R2P,150,5,0.8927474935347847,0.8179503068327904,0.9651607558131218,50000,50000
categorical,csi,r2p,Direct R2P,150,10,0.1749351560302794,0.1473541516810655,0.1981428883969783,50000,50000
categorical,pod,r2p,Direct R2P,150,10,0.2344275845781425,0.1947345770895481,0.2683963254094124,50000,50000
categorical,far,r2p,Direct R2P,150,10,0.5896283321988657,0.5513215497136116,0.6320791229605675,50000,50000
categorical,frequency_bias,r2p,Direct R2P,150,10,0.5715691484127453,0.4951069466769695,0.6451937153935433,50000,50000
categorical,csi,r2p,Direct R2P,150,20,0.0318545095206335,0.0240327488165348,0.0390373285859823,50000,50000
categorical,pod,r2p,Direct R2P,150,20,0.0351577962503148,0.0262508373707532,0.0436091843061149,50000,50000
categorical,far,r2p,Direct R2P,150,20,0.7287614542402236,0.6734823539853096,0.7859864324331284,50000,50000
categorical,frequency_bias,r2p,Direct R2P,150,20,0.1301954010579726,0.1029919199645519,0.159560165926814,50000,50000
continuous,rmse,r2p,Direct R2P,150,,1.662650168975244,1.446165376901626,1.882953038811684,50000,50000
continuous,mean_bias,r2p,Direct R2P,150,,0.0388163061586658,0.0194735676515847,0.0558231610804796,50000,50000
continuous,correlation,r2p,Direct R2P,150,,0.5651117438895211,0.5355986014008522,0.5905650317668915,50000,50000
categorical,csi,r2p,Direct R2P,180,1,0.4184516106918495,0.3829673402011394,0.450475936383009,50000,50000
categorical,pod,r2p,Direct R2P,180,1,0.6913810265179551,0.6522028401494027,0.7238057360053063,50000,50000
categorical,far,r2p,Direct R2P,180,1,0.4849087651725481,0.4522407166659832,0.5212842285633088,50000,50000
categorical,frequency_bias,r2p,Direct R2P,180,1,1.343533855695362,1.284636694192886,1.405375379323959,50000,50000
categorical,csi,r2p,Direct R2P,180,5,0.2678998554066794,0.2337192956358194,0.2975728034973144,50000,50000
categorical,pod,r2p,Direct R2P,180,5,0.3916667728278362,0.3416563548147678,0.4341530762612819,50000,50000
categorical,far,r2p,Direct R2P,180,5,0.5387019680276031,0.5004799127578735,0.5800919845700264,50000,50000
categorical,frequency_bias,r2p,Direct R2P,180,5,0.8513318980343199,0.773217859864235,0.9276912242174148,50000,50000
categorical,csi,r2p,Direct R2P,180,10,0.126683035486575,0.1037912799045443,0.146522207185626,50000,50000
categorical,pod,r2p,Direct R2P,180,10,0.1658203932219401,0.1337429605424404,0.1938085582107305,50000,50000
categorical,far,r2p,Direct R2P,180,10,0.6469908841800748,0.6055358365178108,0.6911574333906174,50000,50000
categorical,frequency_bias,r2p,Direct R2P,180,10,0.4702820255456495,0.4003414176404476,0.5381562232971192,50000,50000
categorical,csi,r2p,Direct R2P,180,20,0.0129915824021065,0.0082275732886046,0.0177304006181657,50000,50000
categorical,pod,r2p,Direct R2P,180,20,0.0137824318975134,0.0086796303978189,0.0189558011479675,50000,50000
categorical,far,r2p,Direct R2P,180,20,0.7957501979661631,0.7147816479206085,0.86975377202034,50000,50000
categorical,frequency_bias,r2p,Direct R2P,180,20,0.0665731044657958,0.0486041486263275,0.0869021940976381,50000,50000
continuous,rmse,r2p,Direct R2P,180,,1.732529951809653,1.509084731340408,1.95933321416378,50000,50000
continuous,mean_bias,r2p,Direct R2P,180,,0.0526311623016333,0.0321098827756941,0.0707370121031999,50000,50000
continuous,correlation,r2p,Direct R2P,180,,0.5129967719041796,0.4810301296412945,0.5407092973589898,50000,50000
