route,route_label,member,replicate_id,upstream_seed,downstream_seed,lead_min,csi_m,rmse,mean_bias,correlation,mae,finite_pair_count,csi_1mm,csi_5mm,csi_10mm,csi_20mm
pysteps_patch_cnn,pySTEPS + CNN,0,21040,,21040,60,0.343196641230505,1.360966286867124,0.1244074560760314,0.7548090246917348,0.3598415032091056,4408654,0.5814952320707534,0.4865558494886879,0.2844659415836028,0.0202695417789757
pysteps_patch_cnn,pySTEPS + CNN,0,21040,,21040,90,0.2599294821009928,1.547827110984916,0.1000183765052234,0.6460005529941698,0.3920988765527581,4408626,0.5107145736630538,0.3676280587909579,0.1581411432979544,0.0032341526520051
pysteps_patch_cnn,pySTEPS + CNN,0,21040,,21040,120,0.2058995937126777,1.676160336865176,0.0799804275213062,0.5517649939887551,0.41511476259806,4408597,0.4538087886858816,0.2800240289122073,0.0891187267222207,0.000646830530401
pysteps_patch_cnn,pySTEPS + CNN,0,21040,,21040,150,0.1684079625958947,1.764469679590557,0.0637553512617961,0.4741890746786529,0.4320143624978177,4408572,0.4080880093417737,0.2146376543989737,0.0504746406292378,0.0004315460135936
pysteps_patch_cnn,pySTEPS + CNN,0,21040,,21040,180,0.1418326156665236,1.824391525214852,0.0511174935992478,0.4132849516808124,0.44482077204495,4408548,0.3704340186161909,0.1654315669939599,0.0314648770559436,0
pysteps_patch_cnn,pySTEPS + CNN,1,21041,,21041,60,0.3492697661502541,1.358743118081801,0.1151385131892026,0.7584263826476924,0.3597883909623194,4408654,0.597802288463125,0.4773312356979405,0.2982386438882267,0.0237068965517241
pysteps_patch_cnn,pySTEPS + CNN,1,21041,,21041,90,0.2674150570009558,1.544723970102653,0.0991627700305087,0.6476588899340097,0.3958138419705829,4408626,0.5191445873182935,0.3635413173416448,0.1804151835589389,0.0065591397849462
pysteps_patch_cnn,pySTEPS + CNN,1,21041,,21041,120,0.2134480052015172,1.676270266409172,0.0863888386164258,0.5505766249044212,0.4230377404393103,4408597,0.4559698532328441,0.2815394273021391,0.1142384105960264,0.0020443296750591
pysteps_patch_cnn,pySTEPS + CNN,1,21041,,21041,150,0.1759129071557351,1.768363441736502,0.0775317548709271,0.4708963639051014,0.4442244984805932,4408572,0.4076642124181112,0.2228426010331206,0.072821678592648,0.0003231365790607
pysteps_patch_cnn,pySTEPS + CNN,1,21041,,21041,180,0.1497203384353332,1.831922670050496,0.0713081478704181,0.4090535921661243,0.460980271569387,4408548,0.3686108261849219,0.1792513971727798,0.0509113601497698,0.0001077702338614
pysteps_patch_cnn,pySTEPS + CNN,2,21042,,21042,60,0.3392162938832329,1.372064952772141,0.0971256021045761,0.7599891817933636,0.3525343172815242,4408654,0.6034190058825851,0.4774324843475823,0.2714800065462877,0.0045336787564766
pysteps_patch_cnn,pySTEPS + CNN,2,21042,,21042,90,0.2610777450783212,1.549274528787234,0.0818295348359666,0.64978261983686,0.3874132430466362,4408626,0.52078904185525,0.3603553860054211,0.1620871051296429,0.0010794473229706
pysteps_patch_cnn,pySTEPS + CNN,2,21042,,21042,120,0.2090844463870428,1.675966352370626,0.0702196090535151,0.5528587644192671,0.4138246701019946,4408597,0.458044127400371,0.2785526522284997,0.0995251863444653,0.0002158195748354
pysteps_patch_cnn,pySTEPS + CNN,2,21042,,21042,150,0.1732781558254441,1.765246992942727,0.0619861035977247,0.4732665291722245,0.4345502819533437,4408572,0.4098587127158555,0.2198642503355121,0.0632817271689194,0.0001079330814894
pysteps_patch_cnn,pySTEPS + CNN,2,21042,,21042,180,0.1476315325130487,1.828000960568992,0.0569098473971369,0.4106029973110085,0.4516030267460287,4408548,0.3705633010095798,0.1763530884728235,0.0436097405697915,0
exprecast_patch_cnn,exPreCast + CNN,0,21040,6455,21040,60,0.3842943799927127,1.33911786554944,0.217075312577211,0.7513487228449656,0.4167277669746957,4408654,0.5792878971889712,0.4713524683882005,0.3839891176351159,0.102548036758563
exprecast_patch_cnn,exPreCast + CNN,0,21040,6455,21040,90,0.3108250467550946,1.480198295501659,0.163491008334438,0.6805687797403622,0.4256299368409356,4408626,0.5380498185770932,0.4085344654065033,0.2690798486150131,0.0276360544217687
exprecast_patch_cnn,exPreCast + CNN,0,21040,6455,21040,120,0.260184765752176,1.589988998454088,0.1393793614483725,0.6134955727352236,0.440556242198714,4408597,0.49635369878013,0.3451853513543828,0.1880758284694419,0.0111241844047491
exprecast_patch_cnn,exPreCast + CNN,0,21040,6455,21040,150,0.2259624224356343,1.667769804612102,0.1322055942949373,0.5575979567179036,0.4571327646950516,4408572,0.4606457008737546,0.2975136761742005,0.141505763338359,0.0041845493562231
exprecast_patch_cnn,exPreCast + CNN,0,21040,6455,21040,180,0.2010920346529474,1.723570263189575,0.1291419870073346,0.5132328419134026,0.4719332571792834,4408548,0.4306989042250855,0.2618777183699476,0.1096437496937325,0.002147766323024
exprecast_patch_cnn,exPreCast + CNN,1,21041,6455,21041,60,0.3955826017701171,1.33330969712259,0.2441356253512104,0.7560795436086358,0.4351234605198021,4408654,0.5786404085575595,0.4797445854989933,0.387517846216602,0.1364275668073136
exprecast_patch_cnn,exPreCast + CNN,1,21041,6455,21041,90,0.316077574049385,1.477474190637916,0.1854167453757857,0.6826278773373107,0.4442184100548402,4408626,0.5407368967306694,0.4088762384763907,0.2745831527565521,0.040114008233928
exprecast_patch_cnn,exPreCast + CNN,1,21041,6455,21041,120,0.2608616955307862,1.589739459030008,0.1574102888956686,0.6148918384607429,0.4594113282953089,4408597,0.4983850517801449,0.3431810923027786,0.1876010131467856,0.0142796248934356
exprecast_patch_cnn,exPreCast + CNN,1,21041,6455,21041,150,0.2270011755600585,1.668181957699531,0.1499589813238749,0.5584873979821341,0.4763387858483821,4408572,0.4629386211230279,0.295831620641979,0.1419609552875066,0.0072735051877206
exprecast_patch_cnn,exPreCast + CNN,1,21041,6455,21041,180,0.2039579635396767,1.726278342626109,0.1489083307659011,0.5124388119753746,0.4923282767209967,4408548,0.4338505542932723,0.2613892689420552,0.1163121250813076,0.0042799058420714
exprecast_patch_cnn,exPreCast + CNN,2,21042,6455,21042,60,0.3851116439883597,1.329620371841701,0.2108725190027719,0.7577801136166045,0.4233110833308799,4408654,0.595804125239262,0.4797393182865871,0.3665785250977467,0.0983246073298429
exprecast_patch_cnn,exPreCast + CNN,2,21042,6455,21042,90,0.3039726146433394,1.480290010463407,0.1595920187699845,0.6870443633706491,0.4356600158668089,4408626,0.5481749792811271,0.3996995541771661,0.2388554893107491,0.0291604358043153
exprecast_patch_cnn,exPreCast + CNN,2,21042,6455,21042,120,0.2518657912216448,1.591910948610626,0.1397060407496775,0.6180724116679277,0.453332459439335,4408597,0.5025578347865531,0.3326047789231178,0.1620034365142461,0.0102971146626622
exprecast_patch_cnn,exPreCast + CNN,2,21042,6455,21042,150,0.2166951449717686,1.668525112385921,0.134043963085729,0.5609436993798647,0.4707182950280958,4408572,0.4641459074733096,0.2835845715906756,0.1159311505111945,0.003118950311895
exprecast_patch_cnn,exPreCast + CNN,2,21042,6455,21042,180,0.193286885201752,1.722792354442732,0.1330751398649336,0.5153530719834177,0.4865530910449934,4408548,0.4329838591408502,0.2483929005592025,0.0901564892429865,0.001614291863969
direct_r2p,Direct R2P,0,0,,,60,0.4902651532152403,1.189925400029869,0.1669561387684594,0.8145503211458603,0.3285405227573846,4408654,0.6284130374525118,0.5418966142799855,0.4548140535679876,0.3359369075604762
direct_r2p,Direct R2P,0,0,,,90,0.3888982765280505,1.40614881231326,0.1232646184435923,0.7211851129650835,0.3420223962628591,4408626,0.5605393674479054,0.4490808260025453,0.3419892313562556,0.2039836813054955
direct_r2p,Direct R2P,0,0,,,120,0.3093753071417135,1.554338423401938,0.115252578696389,0.6386357311400184,0.377338665988641,4408597,0.5047271373761667,0.3731833394978754,0.2562598061340727,0.1033309455587392
direct_r2p,Direct R2P,0,0,,,150,0.2529208014849873,1.66226927783644,0.1303950889995232,0.5701830534173825,0.419611685109066,4408572,0.457192548032949,0.3203873313290918,0.1917757897921258,0.0423275367857825
direct_r2p,Direct R2P,0,0,,,180,0.2148195712108226,1.732327493439537,0.1491106104076155,0.5194597175977076,0.4593893908878411,4408548,0.4196215531830018,0.2768024675491582,0.1422542641111306,0.0206
direct_r2p,Direct R2P,1,1,,,60,0.4617386622777482,1.193267575745042,0.002134597060284,0.8031450790933498,0.1991829509296454,4408654,0.6162281655189943,0.5155129210581687,0.4206129378127233,0.2946006247211066
direct_r2p,Direct R2P,1,1,,,90,0.3607747405152461,1.416091645327762,0.0088721514407556,0.7084262568295585,0.2478700251797318,4408626,0.5440192741177436,0.4301962794126903,0.3196171219617122,0.1492662865688382
direct_r2p,Direct R2P,1,1,,,120,0.2893140758509667,1.559113278828943,0.0040351217379328,0.6313096111707505,0.2792752007167972,4408597,0.4934147765707116,0.3708906727828746,0.2411875427789185,0.0517633112713622
direct_r2p,Direct R2P,1,1,,,150,0.2429398239871401,1.660110924137422,-0.0027530286284963,0.5666933299135908,0.3026034007233426,4408572,0.4546735530542164,0.3201629641017757,0.1766732390093818,0.0202495397831867
direct_r2p,Direct R2P,1,1,,,180,0.207532988996597,1.733217786188879,-0.002949214264625,0.5135239614434045,0.3255098988582542,4408548,0.4184485278213021,0.274917622470736,0.1282992017432681,0.0084666039510818
direct_r2p,Direct R2P,2,2,,,60,0.4873390743125638,1.164978207881377,0.0259351448885103,0.8170798998112379,0.2002612579957537,4408654,0.6296368956573785,0.5394799421510866,0.4480968858131487,0.3321425736286417
direct_r2p,Direct R2P,2,2,,,90,0.3772915741429831,1.394524354348829,0.0093631657952202,0.7199829511654249,0.2448350820038345,4408626,0.5575626819975931,0.4410981317301473,0.3270664291839831,0.1834390536602091
direct_r2p,Direct R2P,2,2,,,120,0.2952096704819163,1.557815598610983,-0.0004181999037203,0.6304990899452274,0.2828491403510468,4408597,0.4986633099915005,0.3645712141114656,0.2290000898391878,0.0886040679855112
direct_r2p,Direct R2P,2,2,,,150,0.2362486150484709,1.66557030495187,-0.0111931418950293,0.5584588483375909,0.3073213713926259,4408572,0.4539481797898938,0.3017033891217277,0.1563564392893307,0.0329864519929314
direct_r2p,Direct R2P,2,2,,,180,0.1971670027829882,1.732044575800542,0.0117320907619094,0.5060066366714269,0.351564665162078,4408548,0.4172847510712446,0.2519794762001439,0.1094956406053263,0.0099081432552378
